method,alpha,localizer,n_images,mean_average_precision,ap_ci_lo,ap_ci_hi,mean_roc_auc,floor_ap,oracle_ap,ap_efficiency,mean_recall_at_1,recall_at_1_ci_lo,recall_at_1_ci_hi,mean_lift_at_1,mean_recall_at_5,recall_at_5_ci_lo,recall_at_5_ci_hi,mean_lift_at_5,mean_recall_at_10,recall_at_10_ci_lo,recall_at_10_ci_hi,mean_lift_at_10,mean_recall_at_20,recall_at_20_ci_lo,recall_at_20_ci_hi,mean_lift_at_20,mean_recall_at_30,recall_at_30_ci_lo,recall_at_30_ci_hi,mean_lift_at_30,mean_recall_at_40,recall_at_40_ci_lo,recall_at_40_ci_hi,mean_lift_at_40,mean_recall_at_50,recall_at_50_ci_lo,recall_at_50_ci_hi,mean_lift_at_50
MIPOD,0.03,laplacian_residual_cover,10000,0.005476676788876364,0.005402415261734746,0.005555683191440973,0.6092146435938098,0.003012699890136719,0.014835474588605988,0.20840935918863987,0.02594299225851206,0.025570426088905338,0.026328221093249962,2.5942992258512056,0.11143985594464964,0.11026363224658406,0.1126732869909568,2.2287971188929925,0.20066655286438714,0.1989266941841293,0.20251031286714086,2.0066655286438713,0.3455287477056018,0.3431419034528316,0.3478967524143577,1.727643738528009,0.46297843734575456,0.46043292421613624,0.46545508419034964,1.5432614578191821,0.563489673391072,0.5610155650791725,0.5658719304288711,1.40872418347768,0.6517691297276514,0.6495051873326423,0.6538877195285476,1.3035382594553029
MIPOD,0.03,laplacian_residual_stego,10000,0.006193157472756201,0.006084535071884173,0.006305844628576251,0.6326990641904872,0.003012699890136719,0.014835474588605988,0.26901109627262587,0.02888602071194622,0.028379057659984972,0.02939125351024183,2.8886020711946214,0.12382618704356724,0.1223397343997663,0.12533908356789702,2.4765237408713445,0.22171864245266834,0.21959675437327267,0.22396962680428273,2.2171864245266835,0.37699536446442067,0.3743615106808643,0.3798205270246605,1.8849768223221033,0.4989420068983546,0.49627670008733654,0.5018258938486667,1.6631400229945152,0.5994257409682546,0.5968821307954829,0.6021002256168908,1.4985643524206365,0.6849771763676503,0.6826611954614291,0.687324579638292,1.3699543527353006
MIPOD,0.03,local_variance_cover,10000,0.004493921936784833,0.004436092461856046,0.004557844705983069,0.6033047500657021,0.003012699890136719,0.014835474588605988,0.12528548368936548,0.011076952474795442,0.010838279058722622,0.011320501234427391,1.1076952474795443,0.06370987211685131,0.06276544429821922,0.06470571080487043,1.2741974423370261,0.13554534277690442,0.13391780056145736,0.13730715373680555,1.3554534277690442,0.28099370196091483,0.27837865614742263,0.2837736291448766,1.4049685098045739,0.41969470779832074,0.4165956225993794,0.42301543444329565,1.398982359327736,0.5466609948075078,0.5433597118595022,0.550063697211802,1.3666524870187695,0.6599832409330724,0.6568410893994364,0.663109203036319,1.3199664818661447
MIPOD,0.03,local_variance_stego,10000,0.004495704966613195,0.0044375826164673735,0.004559728531297958,0.6034503153268702,0.003012699890136719,0.014835474588605988,0.12543629683381227,0.01107937161315905,0.010839338923220084,0.011323354421281344,1.1079371613159053,0.06372221446484634,0.0627816279248521,0.06472118612500329,1.2744442892969265,0.13558360605840325,0.13394369362664768,0.13733754950734028,1.3558360605840323,0.28106650914942194,0.2784427594445198,0.28383973755541153,1.4053325457471095,0.4198258881546104,0.41673361451726926,0.42314364169673097,1.399419627182035,0.5468248484898258,0.5435378945228729,0.5502089247959856,1.3670621212245646,0.660158100994712,0.6570135592418576,0.663279080578893,1.320316201989424
MIPOD,0.03,oracle,10000,0.014835474588605988,0.014525114845225584,0.015180164758581338,0.7512072234476141,0.003012699890136719,0.014835474588605988,1.0,0.07498790403396008,0.07390946829783983,0.07612176923637601,7.498790403396009,0.2358194279476471,0.23331249359812425,0.23838827660520118,4.716388558952943,0.36685455781827647,0.3636616852128495,0.36995974352624844,3.668545578182765,0.5455555648200104,0.5421270898796835,0.5488323643470093,2.727777824100052,0.6692793096620773,0.6661351433580446,0.6722256514668093,2.2309310322069242,0.7616498198291591,0.7589646557835502,0.7641320953397858,1.904124549572898,0.8327213291223353,0.830540159243677,0.8347571546994584,1.6654426582446706
MIPOD,0.03,srm_residual_cover,10000,0.00589553261628369,0.005806930742967689,0.00599113735015851,0.6372323255245935,0.003012699890136719,0.014835474588605988,0.24383723784571656,0.024278669463085857,0.02390449824091017,0.0246507630074544,2.427866946308586,0.10978094913806336,0.10851751232280137,0.11109374113424429,2.195618982761266,0.2044043933469707,0.2024665300579322,0.2064464576068477,2.0440439334697067,0.3636734051148663,0.3609197190790683,0.3664704168212076,1.818367025574331,0.49344725450643634,0.4904347076523145,0.496435089869247,1.6448241816881215,0.6023726854083812,0.5994400363218813,0.605277426051803,1.5059317135209527,0.6956040433193018,0.692986361418879,0.6981917720159433,1.3912080866386036
MIPOD,0.03,srm_residual_stego,10000,0.006348458977849592,0.0062457980288963535,0.006454527511391398,0.6548061765092827,0.003012699890136719,0.014835474588605988,0.28214688791665493,0.02600154404650687,0.025577429504375953,0.02644321320695886,2.6001544046506866,0.11705218814075906,0.11568716835562341,0.11843436541487741,2.3410437628151803,0.21751940642779236,0.2154074420588507,0.21972994734442933,2.1751940642779233,0.38494587994493534,0.3819848388478166,0.3879149017556238,1.9247293997246764,0.5191615239390146,0.5160090650642046,0.5223130140745699,1.7305384131300485,0.629201823447511,0.6262046441789768,0.6322617358932091,1.5730045586187773,0.7212922341163585,0.7186094528538246,0.7240150754906411,1.442584468232717
MIPOD,0.03,texture_energy_cover,10000,0.005647569806923739,0.005567589554556958,0.005735451999678248,0.6284162030874666,0.003012699890136719,0.014835474588605988,0.22286392018687157,0.023946980645400833,0.02358928869158341,0.02431450659120711,2.394698064540083,0.10734610284001435,0.10617611478462935,0.10862597910130804,2.146922056800287,0.19891307666607705,0.19707356421607036,0.2009267434827228,1.9891307666607703,0.35329086451441544,0.35067445171504635,0.3559659015690485,1.7664543225720772,0.48061664425645295,0.47770457276555855,0.48353409092561594,1.6020554808548435,0.5888920948528567,0.5859736360662867,0.5917622703614625,1.4722302371321416,0.6825902402718188,0.6799697715992101,0.6851643059694541,1.3651804805436376
MIPOD,0.03,texture_energy_stego,10000,0.006154556538743062,0.0060512095263715905,0.006262741445042579,0.6478505881155665,0.003012699890136719,0.014835474588605988,0.2657461322521124,0.02587897825905277,0.025430439114595273,0.026335634833080147,2.5878978259052774,0.11529217044357483,0.11393460631756575,0.11670584090863947,2.305843408871496,0.21314853406686762,0.21111338765575857,0.21535917951035782,2.1314853406686765,0.3765077487053206,0.3737092109992301,0.37944754070882014,1.8825387435266028,0.5089224171953313,0.5058971420311597,0.5121399547315754,1.6964080573177707,0.6186363968598536,0.6156545890184362,0.6216720485236836,1.5465909921496337,0.7111487265382093,0.7083920766070386,0.7139115871282601,1.4222974530764185
MIPOD,0.03,uniform,10000,0.003012699890136719,0.003007340106964111,0.003018220691680908,0.5,0.003012699890136719,0.014835474588605988,0.0,0.01,0.01,0.01,1.0,0.049999999999999996,0.049999999999999996,0.049999999999999996,1.0,0.09999999999999999,0.09999999999999999,0.09999999999999999,1.0,0.19999999999999998,0.19999999999999998,0.19999999999999998,1.0,0.3,0.3,0.3,1.0,0.39999999999999997,0.39999999999999997,0.39999999999999997,1.0,0.5,0.5,0.5,1.0
MIPOD,0.03,wavelet_energy_cover,10000,0.00546366504101278,0.0053863743357562225,0.005550036230365203,0.6206592964704251,0.003012699890136719,0.014835474588605988,0.2073087928499048,0.02257680247921844,0.0222415210922797,0.022943989485058425,2.257680247921844,0.10229856816211588,0.10113754035922011,0.10351308937164087,2.0459713632423178,0.19026866064895193,0.18844237918348838,0.19228520375558036,1.9026866064895191,0.3410753195968842,0.3384800524119278,0.3437597296297135,1.705376597984421,0.4681983045767702,0.4653229495435049,0.4711232069732273,1.5606610152559008,0.5775932197479253,0.5746952880148617,0.5804311635329555,1.4439830493698134,0.6730073601303298,0.6704017365259369,0.6755957147615222,1.3460147202606596
MIPOD,0.03,wavelet_energy_stego,10000,0.005465648887978819,0.005388064469494277,0.005552423534852609,0.6207060686420375,0.003012699890136719,0.014835474588605988,0.20747659161260096,0.022583248593702927,0.022244735765097556,0.022948798873635837,2.2583248593702927,0.10233415350604164,0.10116599791623293,0.1035515465381477,2.0466830701208325,0.19033077206189894,0.18851396526532999,0.19233438665430894,1.9033077206189892,0.34111867668610574,0.33856436247298966,0.3438016885398714,1.7055933834305288,0.4682743218305457,0.4653754673562473,0.47119896040612824,1.5609144061018192,0.5776682515520185,0.5747682922787396,0.5805110832885306,1.4441706288800462,0.673111490037387,0.6705161229286911,0.6757224034070034,1.346222980074774
MIPOD,0.05,laplacian_residual_cover,10000,0.009793606921672028,0.009664936825205328,0.009929800641443538,0.6082940598067458,0.005491809844970703,0.025230743613779787,0.21793462236034783,0.0255503233768386,0.025196940977595787,0.02591322636579273,2.5550323376838593,0.11024957702621678,0.10911326687327598,0.11145286124831771,2.2049915405243357,0.19895021949715547,0.19725705964262968,0.200758573653521,1.9895021949715546,0.343564794426615,0.3412456410555457,0.34590412195487436,1.7178239721330748,0.4612586937782311,0.45870249160140947,0.46367838647108284,1.5375289792607705,0.5617013800186854,0.5592421082564151,0.5640083906654346,1.4042534500467136,0.6502152035449392,0.6480195912654078,0.6523279605600101,1.3004304070898784
MIPOD,0.05,laplacian_residual_stego,10000,0.011047651649230252,0.010866101655474743,0.011232044468730504,0.6320028138743995,0.005491809844970703,0.025230743613779787,0.2814661556359612,0.028421892149115387,0.027955859032427224,0.02891878292770582,2.842189214911539,0.12254966147457981,0.12109033808140562,0.12406049259061942,2.450993229491596,0.2199896311229917,0.21792496235195255,0.22221707335567537,2.1998963112299172,0.3751293666982647,0.3725192585008789,0.3779205423874682,1.8756468334913237,0.49723803292844915,0.4946167002228561,0.5001343945379553,1.657460109761497,0.597950047618634,0.5953782493298095,0.6006374327973494,1.494875119046585,0.6838657622465333,0.6815515048008268,0.6861684674363142,1.3677315244930666
MIPOD,0.05,local_variance_cover,10000,0.008127899175807184,0.008025778202883402,0.008239908086414775,0.6028607712810206,0.005491809844970703,0.025230743613779787,0.13354770636101712,0.011057285515954259,0.010824001883189206,0.011292444903726207,1.1057285515954258,0.06364235579586984,0.0627264571418411,0.06461632814922011,1.2728471159173966,0.13526703751194816,0.13368169841606095,0.13696905217975106,1.3526703751194817,0.280233979686056,0.277651540579111,0.2829322404625085,1.4011698984302798,0.4186805149797805,0.4156750108935375,0.4219648073796117,1.3956017165992685,0.5453359863783891,0.5421008381492617,0.5487289989015653,1.3633399659459726,0.6587212765664321,0.6556561285066992,0.6618720293324905,1.3174425531328642
MIPOD,0.05,local_variance_stego,10000,0.00813146315443482,0.008029523074251348,0.00824355583477902,0.6030174667168277,0.005491809844970703,0.025230743613779787,0.13372826214327863,0.01105991865217619,0.010826677894084771,0.011294784660307998,1.105991865217619,0.06365610278004584,0.06274048531767762,0.06463038185755117,1.2731220556009168,0.135310746776045,0.1337102251240111,0.13700465053471406,1.35310746776045,0.2803180178504912,0.2777347942500116,0.2830136506860516,1.4015900892524558,0.4188119183783225,0.4157896376585591,0.4221064365143981,1.3960397279277414,0.5455106494589785,0.5422996921028848,0.5488851928771716,1.3637766236474462,0.6589214708359091,0.6558442796020475,0.6620624872590434,1.3178429416718183
MIPOD,0.05,oracle,10000,0.025230743613779787,0.0247481893628356,0.02575905830737158,0.7492643664481194,0.005491809844970703,0.025230743613779787,1.0,0.07191160366533884,0.07094818560794974,0.07294901802372981,7.191160366533883,0.23066260345196005,0.22827046513440458,0.23308667953155904,4.613252069039201,0.36143558246789687,0.35828240312975296,0.3644800361872461,3.614355824678969,0.5407329025694264,0.5373281931511718,0.5439683891158205,2.7036645128471317,0.6651901565760822,0.6620671865047516,0.6681094307217765,2.2173005219202735,0.7583080443760657,0.7556241472079603,0.760868854459244,1.8957701109401641,0.8302993514904938,0.8281259535743678,0.832352987789076,1.6605987029809877
MIPOD,0.05,srm_residual_cover,10000,0.010543406991273468,0.010393559602433695,0.010702440935365688,0.6362251987077282,0.005491809844970703,0.025230743613779787,0.25592046690410186,0.02387535627303647,0.02351698694686973,0.024234740534507665,2.3875356273036465,0.10842463516979801,0.10723034222917582,0.10971616780375129,2.1684927033959602,0.2024701381904581,0.20057939028763808,0.20445777159135747,2.0247013819045807,0.36135019128849194,0.35866910561029697,0.36407007963881577,1.8067509564424595,0.49123237120578217,0.4882570723717723,0.49417444170208485,1.637441237352607,0.6004495851225147,0.5975080863157327,0.6033271953120756,1.5011239628062865,0.6938990821287738,0.691321213168337,0.6965141237505297,1.3877981642575477
MIPOD,0.05,srm_residual_stego,10000,0.011342028918981412,0.011169113308995428,0.01152353517236306,0.6540026767146337,0.005491809844970703,0.025230743613779787,0.2963796901357997,0.025537674630123956,0.02512844345284266,0.02595580381260108,2.5537674630123957,0.11568604076167421,0.11437642871251752,0.11704981352814942,2.313720815233484,0.2156182207243426,0.21360015218347744,0.2177867860133663,2.1561822072434254,0.3827609759265945,0.37992467157184984,0.3857404418381675,1.9138048796329727,0.5171410022231577,0.514012142333912,0.520318235152004,1.7238033407438593,0.6275754743038253,0.6245909760357772,0.6306286581928978,1.568938685759563,0.7199290578616355,0.7172648008048272,0.7226232876362514,1.439858115723271
MIPOD,0.05,texture_energy_cover,10000,0.010110132818539102,0.009972861116398198,0.010255091801214195,0.6274238250641523,0.005491809844970703,0.025230743613779787,0.23397023505221667,0.023611077866097754,0.023280477211526214,0.023959850031605157,2.361107786609775,0.10619875234899016,0.10503733278897745,0.10744125330045565,2.123975046979803,0.19718978775095397,0.1953681086682677,0.19910982916673423,1.97189787750954,0.3511880085299981,0.34863629713528344,0.35385405549165055,1.7559400426499905,0.47863759383958343,0.47576719867112777,0.48152407782989626,1.5954586461319449,0.5869640425860072,0.584100290960488,0.5897848003780567,1.4674101064650182,0.6809025821327537,0.6782741978795102,0.6835008094689259,1.3618051642655074
MIPOD,0.05,texture_energy_stego,10000,0.01100040846365413,0.010826317931629047,0.011178626684709626,0.6470589497322781,0.005491809844970703,0.025230743613779787,0.2790727545470547,0.02544062062077621,0.025025361547665145,0.02587931329997829,2.544062062077621,0.1140776536356228,0.11273444446210112,0.1154553113542991,2.281553072712456,0.2113886968089966,0.20938059703740816,0.21357795482596525,2.113886968089966,0.3744708774178547,0.3716876942939878,0.3774118940293733,1.8723543870892732,0.5068855547593115,0.5039059787590937,0.5100749234796009,1.689618515864372,0.616921140950681,0.6139373593162738,0.6200067052450537,1.5423028523767026,0.7096166150862974,0.7069149248695573,0.7123435431238154,1.4192332301725947
MIPOD,0.05,uniform,10000,0.005491809844970703,0.00548121337890625,0.005502161512374878,0.5,0.005491809844970703,0.025230743613779787,0.0,0.01,0.01,0.01,1.0,0.049999999999999996,0.049999999999999996,0.049999999999999996,1.0,0.09999999999999999,0.09999999999999999,0.09999999999999999,1.0,0.19999999999999998,0.19999999999999998,0.19999999999999998,1.0,0.3,0.3,0.3,1.0,0.39999999999999997,0.39999999999999997,0.39999999999999997,1.0,0.5,0.5,0.5,1.0
MIPOD,0.05,wavelet_energy_cover,10000,0.009793615195301019,0.00965788050402964,0.009939780834012198,0.6197331715910092,0.005491809844970703,0.025230743613779787,0.21793504151312917,0.02231243924506366,0.021996322015440113,0.022643016664750503,2.231243924506366,0.10129349753990245,0.10017327787506781,0.1024805221576599,2.0258699507980484,0.18872346032321366,0.18693667374882342,0.19065262115007567,1.8872346032321365,0.3391026451982385,0.33655472900389155,0.34172933969807096,1.6955132259911927,0.4660837279312249,0.46322225612896695,0.46898124464408153,1.553612426437416,0.5757311281087952,0.5728650737845534,0.5785247092341901,1.439327820271988,0.6714922519993117,0.6689286090147033,0.6740742091995718,1.3429845039986235
MIPOD,0.05,wavelet_energy_stego,10000,0.009800654248241879,0.009664781535589835,0.009947160850848806,0.6198133381981266,0.005491809844970703,0.025230743613779787,0.21829164906971277,0.02233250720913375,0.022013123295059098,0.02266955843063795,2.233250720913375,0.10133796677701369,0.10021921161122438,0.10253746669810218,2.0267593355402735,0.18879948073408026,0.1870269217093113,0.19073978870702724,1.8879948073408028,0.3392006990209675,0.3366725255733335,0.34182362860712806,1.6960034951048375,0.4662214441531228,0.4633659065778081,0.46912360272714193,1.5540714805104092,0.5758363772872898,0.5729612657901759,0.5786515260561427,1.4395909432182243,0.6716254906523758,0.6690502534119951,0.6742134109324501,1.3432509813047515
MIPOD,0.1,laplacian_residual_cover,10000,0.021921143660464434,0.0216489468630094,0.022195625495704228,0.6067985359475401,0.012618283462524414,0.05170744306383804,0.23799079573016427,0.02477493692388632,0.02445471470488228,0.025098275851324788,2.4774936923886313,0.10783879173213552,0.10677766609430955,0.10896907418720642,2.15677583464271,0.19547218993060328,0.19385023482707572,0.19718566653090333,1.9547218993060327,0.3396020934937329,0.33733189438640737,0.3418922838752784,1.6980104674686645,0.45746381757794097,0.45498264067183786,0.4598466431189286,1.5248793919264698,0.5583956658062565,0.5559994289924945,0.560662378423663,1.395989164515641,0.6475033322045807,0.6453299170327822,0.6495767438367629,1.2950066644091613
MIPOD,0.1,laplacian_residual_stego,10000,0.024621725106707255,0.024256982368749642,0.024990099921486323,0.6310361624750483,0.012618283462524414,0.05170744306383804,0.307078529357266,0.027485595147702598,0.027075300728448354,0.027915073934828952,2.748559514770259,0.11986870792093887,0.11850313324833002,0.12129137529463829,2.3973741584187773,0.21639435379143207,0.21443871624461774,0.21850693252052805,2.163943537914321,0.3714826523041621,0.36892825636117177,0.3742084568927254,1.85741326152081,0.4940793347891293,0.4914349540114161,0.49693196214537794,1.6469311159637643,0.5953517570079423,0.5928026572547849,0.5979900245260793,1.4883793925198556,0.6817404663175833,0.6794734733681624,0.6840007153723822,1.3634809326351667
MIPOD,0.1,local_variance_cover,10000,0.01849014506068193,0.018269537442242884,0.01872686297664587,0.6022153892540476,0.012618283462524414,0.05170744306383804,0.15021713585165408,0.011007084504570767,0.010794622042845972,0.011220402527860131,1.1007084504570768,0.06337874878310325,0.06252149412566568,0.06429772126661203,1.2675749756620651,0.13460963419434743,0.13309241079963002,0.13623567062996372,1.3460963419434742,0.2788900382223329,0.27643880977088914,0.28152534563551623,1.3944501911116645,0.4167124075281103,0.413746469690119,0.41995032611659905,1.389041358427034,0.5431028753409112,0.5399359092328184,0.5463744783444116,1.3577571883522774,0.6563831872696115,0.6533184276718921,0.659456870128026,1.312766374539223
MIPOD,0.1,local_variance_stego,10000,0.018499536723237384,0.018277918713828684,0.018736749468605384,0.602399526588761,0.012618283462524414,0.05170744306383804,0.15045739843727224,0.011011067237282584,0.010797587445902307,0.011224328735921484,1.1011067237282584,0.06339533854761316,0.06253490220836576,0.06431276905331323,1.2679067709522631,0.13465438898948642,0.13313713425787313,0.13628710829719112,1.3465438898948643,0.27898772138058286,0.2765350476541655,0.2816338006848682,1.394938606902914,0.41687176021621924,0.41391046795577446,0.42012193860967645,1.3895725340540643,0.5433113581996787,0.5401466728794797,0.5465921728120506,1.3582783954991966,0.656631652612238,0.6535647546869472,0.6597029349868969,1.313263305224476
MIPOD,0.1,oracle,10000,0.05170744306383804,0.050854663330774916,0.05261494927752254,0.7461460155127961,0.012618283462524414,0.05170744306383804,1.0,0.06586888409050025,0.06507621707688122,0.06672220115760523,6.586888409050026,0.22062880862566908,0.21845348244800858,0.2228551025949275,4.412576172513382,0.3509649731789538,0.34795792877021975,0.3538298891854749,3.509649731789538,0.5313910119381301,0.5280787307804199,0.5345159000963668,2.6569550596906506,0.6575282597511827,0.6544550371921275,0.6604169455611433,2.191760865837275,0.7522853958595982,0.749601750246599,0.7547793094045758,1.8807134896489954,0.8257291834544908,0.8235259502071912,0.8277856259014962,1.6514583669089815
MIPOD,0.1,srm_residual_cover,10000,0.023577316092403492,0.02326801548885065,0.02390071902121185,0.6344640896189335,0.012618283462524414,0.05170744306383804,0.2803598936803643,0.023179276863531714,0.022868478887347075,0.02349662133633058,2.3179276863531717,0.10600979689062318,0.10490690841906854,0.10718487799114702,2.1201959378124635,0.19886191014045215,0.19704402666403206,0.20073123957052705,1.9886191014045216,0.3567988305684506,0.3541736515110292,0.3594399870765063,1.783994152842253,0.4867040535551454,0.48378313538738704,0.4895310764174468,1.6223468451838179,0.5962939163765646,0.5934303353116421,0.5991086333740516,1.4907347909414117,0.6903920631270309,0.6877745657434953,0.6929514573923993,1.3807841262540619
MIPOD,0.1,srm_residual_stego,10000,0.025315754512458363,0.024958551785968973,0.0256796424833904,0.6526500905312265,0.012618283462524414,0.05170744306383804,0.3248335645851859,0.02476175378957318,0.024403848611355878,0.025123613539551375,2.476175378957317,0.11310450208098018,0.11187026015430934,0.11440239770172402,2.262090041619604,0.21183593346598836,0.20988980237767896,0.21391606220842307,2.1183593346598837,0.3782703077150218,0.37550155578294386,0.3811370992521619,1.891351538575109,0.5128834660960633,0.5098028699043391,0.5159912618670272,1.7096115536535443,0.6239071578251338,0.6209183167741863,0.6268995339290783,1.5597678945628346,0.7169399574368285,0.7143002168193123,0.7196153520704943,1.433879914873657
MIPOD,0.1,texture_energy_cover,10000,0.022656193194701222,0.022367848465678214,0.0229537936067218,0.6257985799251196,0.012618283462524414,0.05170744306383804,0.25679523004734733,0.02297824692637451,0.022679708019489687,0.023286356630615103,2.2978246926374513,0.1039043304830595,0.10283224265303807,0.10504651511954953,2.07808660966119,0.19371219238491413,0.19197351328731882,0.1955676401412416,1.9371219238491408,0.34691077197619313,0.3444405426720421,0.349437775676159,1.7345538598809653,0.4743510873179206,0.47154184636012036,0.47715322852211445,1.5811702910597352,0.5831433395448125,0.5803622104360745,0.5859176724256379,1.457858348862031,0.677671377529511,0.6751259601458454,0.6802331370185817,1.355342755059022
MIPOD,0.1,texture_energy_stego,10000,0.024579011325134455,0.02421718753207976,0.024948411811505637,0.6459042963856613,0.012618283462524414,0.05170744306383804,0.3059858023196818,0.024708248486084796,0.024343431437931426,0.025097033373992505,2.470824848608479,0.11164013246643285,0.1103955671206276,0.11295426106724196,2.2328026493286566,0.20779746029953944,0.20585692849758605,0.20987447132746,2.077974602995394,0.37029736430919674,0.36760349996210884,0.3731637031484932,1.8514868215459837,0.5030841851892129,0.5001574681050234,0.5062772540171661,1.6769472839640436,0.6136339064892502,0.6107181388881248,0.6166800688915087,1.5340847662231256,0.7070830710266242,0.7043979694848602,0.7097729226594025,1.4141661420532483
MIPOD,0.1,uniform,10000,0.012618283462524414,0.01259125044822693,0.01264463215827942,0.5,0.012618283462524414,0.05170744306383804,0.0,0.01,0.01,0.01,1.0,0.049999999999999996,0.049999999999999996,0.049999999999999996,1.0,0.09999999999999999,0.09999999999999999,0.09999999999999999,1.0,0.19999999999999998,0.19999999999999998,0.19999999999999998,1.0,0.3,0.3,0.3,1.0,0.39999999999999997,0.39999999999999997,0.39999999999999997,1.0,0.5,0.5,0.5,1.0
MIPOD,0.1,wavelet_energy_cover,10000,0.021961071878865677,0.021672394478490408,0.022265124003548135,0.6182746174424593,0.012618283462524414,0.05170744306383804,0.2390122609857105,0.021660394677627454,0.021379834169175927,0.021962504184229115,2.1660394677627455,0.09918735663325517,0.09814800279912016,0.10029511884538903,1.9837471326651033,0.18558388042621932,0.18389906407354248,0.18742289968551568,1.855838804262193,0.3351938144403779,0.3327347450860647,0.33778097322804057,1.6759690722018894,0.46227011000721707,0.45950574504541253,0.46511499172670395,1.5409003666907235,0.5721963999618638,0.5693963770803919,0.5749608630343285,1.4304909999046596,0.6685358925261122,0.6659715085698644,0.6710807120315873,1.3370717850522245
MIPOD,0.1,wavelet_energy_stego,10000,0.02198496308782773,0.021694577320634505,0.02229093978396256,0.6184250749134705,0.012618283462524414,0.05170744306383804,0.23962345880131283,0.02169747340324676,0.021415115709692123,0.022001248457805635,2.169747340324676,0.09929176931029707,0.098255944550535,0.1004055674199617,1.9858353862059412,0.18574185955258007,0.18405375170806978,0.18759922932267853,1.8574185955258007,0.33538442778523003,0.3329156798202255,0.3379626385210612,1.6769221389261504,0.4624909626745114,0.4597010314596847,0.465349126199302,1.5416365422483713,0.5724328730028254,0.5696326350713274,0.5752132377785314,1.4310821825070634,0.6687501678243113,0.6661840500117618,0.6712972669988688,1.3375003356486226
MIPOD,0.2,laplacian_residual_cover,10000,0.049754908565970334,0.04918780045004942,0.050316318523804686,0.6048410177141581,0.029769936752319336,0.10393765074019638,0.26945648907174896,0.023455713960002716,0.023186337117085603,0.02373667146390854,2.3455713960002713,0.10374867758747847,0.1028107873645015,0.10475696020955053,2.074973551749569,0.18972607686112525,0.18822073486602123,0.19129873027799893,1.8972607686112521,0.33298945064689117,0.3308744086810559,0.33515830973394234,1.664947253234456,0.4511715318671024,0.4488415495971099,0.45345494586712737,1.5039051062236748,0.5528908652862919,0.5505673459029959,0.5551526844827167,1.38222716321573,0.6428823099730112,0.6407541908922603,0.6448943288933116,1.2857646199460224
MIPOD,0.2,laplacian_residual_stego,10000,0.05554091877917079,0.05480489199195142,0.056291954979802133,0.6300688116741223,0.029769936752319336,0.10393765074019638,0.34746900829468474,0.02584161477888993,0.025516750538448665,0.026187553552601116,2.5841614778889928,0.11509454749122103,0.1138797622087655,0.11637609154472013,2.30189094982442,0.21017921420858593,0.2083439009804548,0.2121602488281136,2.1017921420858587,0.36510968299572644,0.3626411108167811,0.36773731810084964,1.825548414978632,0.48862515033168885,0.48605501996561046,0.4914176746268027,1.6287505011056294,0.5908900242247193,0.588373579063143,0.593481246778816,1.477225060561798,0.6782887101581587,0.6760332347246373,0.6805359485609864,1.3565774203163175
MIPOD,0.2,local_variance_cover,10000,0.042959858335875366,0.042474314389970985,0.043480426251113286,0.6015486382896497,0.029769936752319336,0.10393765074019638,0.17783912802964325,0.010962423623124974,0.010774789179586873,0.011157223930553803,1.0962423623124975,0.06285960431396095,0.062066258855235375,0.06372552378031662,1.257192086279219,0.133243005186628,0.13182026352355591,0.1347775789305576,1.3324300518662797,0.2760683692921698,0.27372048180711284,0.2785942809061234,1.3803418464608492,0.41286804798560395,0.41001394848921163,0.41598492830503137,1.3762268266186801,0.5388301833561217,0.535790975646367,0.5420315484250035,1.347075458390304,0.6521538966937922,0.6491806753243902,0.6551834993730811,1.3043077933875844
MIPOD,0.2,local_variance_stego,10000,0.042987625065186406,0.042500466471184724,0.043507288433215906,0.601788683938448,0.029769936752319336,0.10393765074019638,0.17821350561010338,0.010967573439447063,0.010778904755198581,0.011162883223141138,1.0967573439447065,0.06288192394264126,0.062091024379529826,0.06374592111232293,1.2576384788528252,0.13329942224535057,0.13187046444617465,0.13484013480192925,1.3329942224535059,0.27620464831208913,0.27386388515353455,0.2787477682708928,1.3810232415604455,0.4130814315193662,0.41022073501637535,0.41619621534854156,1.3769381050645537,0.5391097460616037,0.5360707368832488,0.5423194919924609,1.347774365154009,0.6524870384219726,0.6495150191874,0.6555263628015825,1.3049740768439453
MIPOD,0.2,oracle,10000,0.10393765074019638,0.10247691587627956,0.10539539992577684,0.7424457481638991,0.029769936752319336,0.10393765074019638,1.0,0.056323481015366085,0.05575969276883048,0.056910246348221276,5.632348101536608,0.20326677729651046,0.20145050643461307,0.20509707692639026,4.06533554593021,0.33291290110104615,0.33025596046912303,0.335470456243627,3.3291290110104614,0.5159500367267638,0.5127725372040233,0.5189524353061309,2.5797501836338186,0.6451910173774666,0.6421918798738508,0.648004992783017,2.1506367245915556,0.742688189139465,0.7400444056443405,0.7451940836561914,1.856720472848662,0.818602866596039,0.8163917499091428,0.8206299984684741,1.637205733192078
MIPOD,0.2,srm_residual_cover,10000,0.05343118316678415,0.052761101697261545,0.054086960747205884,0.6322435400147962,0.029769936752319336,0.10393765074019638,0.3190235365530117,0.02205612309181657,0.021790452272188614,0.02232556583387805,2.2056123091816566,0.10193758114940579,0.1009567185601412,0.10299387394907206,2.0387516229881157,0.19260496523303353,0.19094991794488547,0.19428898055391414,1.926049652330335,0.34889304922844155,0.34645243512241636,0.3513758034760856,1.7444652461422077,0.47891536560519815,0.4761450667338605,0.4816504209813328,1.5963845520173272,0.5893808577129022,0.5866430498365904,0.5921163163704529,1.4734521442822552,0.684616186816462,0.6820800230218113,0.6871109928024846,1.369232373632924
MIPOD,0.2,srm_residual_stego,10000,0.057199713162154185,0.05646236610412528,0.057946274929315755,0.6511150344060251,0.029769936752319336,0.10393765074019638,0.36983445942958865,0.02346409996302302,0.023170122660506758,0.023761746322398136,2.346409996302302,0.10860478929008568,0.1075408313629982,0.1097280817613648,2.1720957858017136,0.20517101038387528,0.20337663839778022,0.20707273593160033,2.051710103838753,0.37029326551948416,0.3676933593743514,0.37302753215017803,1.8514663275974206,0.5054499301713574,0.5025468108519098,0.5084376400837362,1.6848331005711912,0.6176155033400633,0.6146821917576184,0.6205431430185451,1.5440387583501582,0.7119454390270028,0.7093413755418748,0.7145544532757686,1.4238908780540056
MIPOD,0.2,texture_energy_cover,10000,0.05148339053453656,0.05086857288179996,0.05210518130562377,0.6237718430387763,0.029769936752319336,0.10393765074019638,0.29276153483396233,0.02188033565132992,0.021628411639983327,0.022145035157250786,2.1880335651329923,0.10009477201648746,0.09914157119239071,0.10111661002373011,2.0018954403297493,0.18794214474454599,0.18635284447885322,0.18963106729924534,1.8794214474454596,0.3396439902548018,0.3373580530846542,0.34207194982323824,1.6982199512740088,0.46723172407465247,0.4645486131996207,0.4699277537096307,1.5574390802488416,0.5767589513750949,0.5740636196840649,0.5794504390751389,1.4418973784377371,0.6723100598199728,0.669807751750499,0.6747771211628082,1.3446201196399457
MIPOD,0.2,texture_energy_stego,10000,0.05564592337744141,0.054910158382996475,0.05639273540312463,0.6447074607191354,0.029769936752319336,0.10393765074019638,0.3488847806385348,0.0233976827960734,0.023102994441685936,0.02370738261244491,2.3397682796073402,0.10739440978915206,0.10628814051447519,0.10856336583232232,2.1478881957830414,0.20164710020716878,0.19987176862207287,0.2036100566128796,2.016471002071688,0.3630862419813695,0.36051214584515123,0.3658295529469561,1.8154312099068473,0.4964462160239688,0.49361573980781775,0.49951842612801645,1.6548207200798963,0.6080960290748865,0.6052746704802923,0.6110538582275589,1.520240072687216,0.7027600709415941,0.700159406614258,0.7054027237888917,1.4055201418831882
MIPOD,0.2,uniform,10000,0.029769936752319336,0.029695488739013672,0.029840318698883057,0.5,0.029769936752319336,0.10393765074019638,0.0,0.01,0.01,0.01,1.0,0.049999999999999996,0.049999999999999996,0.049999999999999996,1.0,0.09999999999999999,0.09999999999999999,0.09999999999999999,1.0,0.19999999999999998,0.19999999999999998,0.19999999999999998,1.0,0.3,0.3,0.3,1.0,0.39999999999999997,0.39999999999999997,0.39999999999999997,1.0,0.5,0.5,0.5,1.0
MIPOD,0.2,wavelet_energy_cover,10000,0.04997571950461365,0.049361667612747365,0.05061437729228559,0.6163814261913543,0.029769936752319336,0.10393765074019638,0.272433673169393,0.02063903479502851,0.020400579527066507,0.020894399346992658,2.0639034795028515,0.09559002781364781,0.09465510249389468,0.09656859099790666,1.9118005562729565,0.1801967158867758,0.1786693157890933,0.18187943810164026,1.801967158867758,0.3284520335245857,0.32617788556479915,0.3308512918744092,1.6422601676229283,0.4555861882911817,0.45291429458883237,0.4583303264469534,1.5186206276372722,0.5662027467859775,0.5635148616261424,0.5688561646670014,1.4155068669649438,0.6634480964571512,0.6609600857515872,0.6659260500090645,1.3268961929143024
MIPOD,0.2,wavelet_energy_stego,10000,0.050062180587213234,0.049446818127660004,0.05070509840762601,0.6166927026720921,0.029769936752319336,0.10393765074019638,0.2735994241134455,0.020677622133144603,0.02044002962076278,0.02093166166411187,2.067762213314461,0.09577916469013416,0.09484013192519707,0.09676708933811104,1.9155832938026833,0.1804793665548551,0.1789376216053542,0.18215952336079633,1.8047936655485508,0.3288548601146784,0.32657589384417285,0.33128645177822885,1.644274300573392,0.4560070582880835,0.4533400529208478,0.4587607547286424,1.5200235276269454,0.566661365026882,0.5639853879022668,0.5693323696954483,1.416653412567205,0.6638806820950647,0.6613860431851041,0.6663766766132745,1.3277613641901294
MIPOD,0.3,laplacian_residual_cover,10000,0.08060168162411428,0.07975298550343353,0.08143425859370663,0.6032811149915267,0.050030813217163086,0.15394645856330474,0.29418927539852185,0.022258206242451506,0.02203349943863661,0.022496563544989252,2.225820624245151,0.09982372406277072,0.09900698170639392,0.10071901681521973,1.996474481255414,0.184108243623477,0.18274183605563935,0.18555482266724607,1.84108243623477,0.3264585065078622,0.3244602889496389,0.32845482569504525,1.632292532539311,0.4449677130233642,0.4427171289398477,0.44714466371690337,1.4832257100778807,0.5474157503609058,0.5451582736107604,0.549570959111849,1.3685393759022642,0.6383428473013842,0.6362761403294925,0.6402806662042312,1.2766856946027685
MIPOD,0.3,laplacian_residual_stego,10000,0.08954723502294112,0.08851327600589906,0.09062939731021782,0.6294378377900446,0.050030813217163086,0.15394645856330474,0.3802740354847372,0.024351506174938926,0.024082312126060604,0.024634611608483906,2.4351506174938926,0.1103709879272708,0.10930883985964863,0.11149469517314688,2.207419758545416,0.20382037837101724,0.2021669613860745,0.20565416894689867,2.038203783710172,0.3585130355594265,0.3561561048607887,0.3610087208516292,1.7925651777971325,0.48296955256111257,0.48043859198505834,0.4856694187632044,1.609898508537042,0.5863252044546301,0.5838903803907547,0.5888628750868315,1.4658130111365755,0.6747313130568346,0.6725040280914626,0.6769648679440128,1.3494626261136693
MIPOD,0.3,local_variance_cover,10000,0.0709710033876303,0.07023044845436517,0.07176297746284552,0.6012332767522821,0.050030813217163086,0.15394645856330474,0.20151142882013298,0.010883025971176009,0.010711240736042614,0.011056917189768298,1.0883025971176008,0.06226237248531843,0.06152057772052588,0.06305781695621696,1.2452474497063686,0.13176270290216102,0.1304332682270268,0.13319507761693553,1.31762702902161,0.27309040131213846,0.27089587282697947,0.2755184820900355,1.365452006560692,0.40888153545426137,0.40616455081598785,0.41184992462557274,1.362938451514205,0.5344861976144776,0.531539002595889,0.5375841747283093,1.3362154940361939,0.647979276576757,0.6450817991394194,0.650913807724585,1.295958553153514
MIPOD,0.3,local_variance_stego,10000,0.0710241016542645,0.07028461364582798,0.07182093533383486,0.6015306572992989,0.050030813217163086,0.15394645856330474,0.20202240352906475,0.010887813251600119,0.010716652333351952,0.011060944811425978,1.088781325160012,0.062286824471892314,0.0615502586000798,0.06308134029055203,1.2457364894378462,0.13182250637740414,0.1304887610553659,0.1332560485076544,1.3182250637740416,0.2732493230702922,0.27106988398932996,0.27567615515203037,1.3662466153514612,0.4091399160231759,0.40642992651131443,0.41209562220189305,1.363799720077253,0.5348306760398309,0.5318790691400835,0.5379273378152425,1.3370766900995772,0.6483902280014858,0.6454976192519117,0.6513145778359408,1.2967804560029716
MIPOD,0.3,oracle,10000,0.15394645856330474,0.15205432065314356,0.15576751392493804,0.739769722807847,0.050030813217163086,0.15394645856330474,1.0,0.048690865698712955,0.048282591581897016,0.049107433360639226,4.869086569871295,0.18686789606398102,0.1853805926465113,0.18832613601331744,3.7373579212796204,0.31502711579423315,0.31271542322337753,0.3172485354927673,3.150271157942331,0.5006927207470013,0.4977358631783736,0.5035396360796908,2.503463603735006,0.6332057688213291,0.6303100634558033,0.6359542888124318,2.1106858960710966,0.7335584560618958,0.7309503070049296,0.7360047729536278,1.8338961401547396,0.8118182289853378,0.8095982520713051,0.8138157841769614,1.6236364579706757
MIPOD,0.3,srm_residual_cover,10000,0.08635343437064091,0.08537945714163955,0.087311718947531,0.6305687715087096,0.050030813217163086,0.15394645856330474,0.3495394849590516,0.020988600340419876,0.020765423689515547,0.02122074795772703,2.0988600340419876,0.09802305087448862,0.09717049948735886,0.09896656554779348,1.9604610174897723,0.18647512669232155,0.1850017999738321,0.18802770886173611,1.8647512669232154,0.3410891971049501,0.3387726336990213,0.3434064873517981,1.7054459855247508,0.47127797275164796,0.4686300887971763,0.47385958682306684,1.5709265758388262,0.582623519923367,0.5799934120838736,0.585257345228275,1.4565587998084175,0.6790488137793672,0.6765583665819501,0.6814842524339544,1.3580976275587344
MIPOD,0.3,srm_residual_stego,10000,0.09220830485328278,0.09113425947457583,0.09327743584608586,0.6500503183320401,0.050030813217163086,0.15394645856330474,0.40588201608744306,0.022240156294777096,0.02199547554451313,0.022493479078591148,2.2240156294777096,0.10423561420637006,0.10329039949360358,0.10522189509431905,2.0847122841274017,0.19843266051411965,0.1967950038140223,0.20015447699500846,1.9843266051411967,0.36211514024366526,0.35968050196196455,0.3646568320608809,1.8105757012183261,0.49784355983889,0.49506547864810596,0.5006984259356286,1.6594785327963,0.611292961238397,0.6084447830418045,0.6141054412162804,1.5282324030959924,0.7070009740790995,0.7044385119477269,0.7095712514712438,1.414001948158199
MIPOD,0.3,texture_energy_cover,10000,0.08343113760356555,0.08251089984752495,0.08434351332921906,0.6222118082735518,0.050030813217163086,0.15394645856330474,0.3214176679088737,0.020862367105749673,0.02064712642101502,0.021090045829049643,2.086236710574967,0.09645583167793866,0.09563107121871918,0.09736811078034066,1.9291166335587728,0.18231419302636595,0.18090308237587924,0.18384650031793778,1.8231419302636593,0.3325033843901776,0.33034141238543696,0.33478957154413136,1.662516921950888,0.4601665993110306,0.457622674270647,0.4627212343098712,1.5338886643701022,0.5704555562961959,0.5678507755364515,0.57305423990047,1.4261388907404897,0.6670242711094354,0.6645939068274243,0.6694251680193665,1.3340485422188708
MIPOD,0.3,texture_energy_stego,10000,0.0899325848705974,0.08888478090550707,0.09102494342996975,0.6439411639216306,0.050030813217163086,0.15394645856330474,0.3839823302883991,0.02220867358901844,0.0219632139064556,0.0224570604486242,2.2208673589018435,0.10325098901532948,0.10226683011712866,0.10429410454738451,2.0650197803065886,0.19544808399190572,0.1938242823357572,0.1972307992295724,1.9544808399190565,0.35572135154060597,0.35329936449159116,0.3583249124214438,1.7786067577030291,0.4896091181133979,0.4868610995607988,0.49255726141522677,1.6320303937113263,0.6024352840196918,0.5996856540823737,0.6052806272750331,1.5060882100492292,0.6983459068155896,0.6957359591000966,0.7009293379368666,1.3966918136311792
MIPOD,0.3,uniform,10000,0.050030813217163086,0.04989952585220337,0.05015443000793457,0.5,0.050030813217163086,0.15394645856330474,0.0,0.01,0.01,0.01,1.0,0.049999999999999996,0.049999999999999996,0.049999999999999996,1.0,0.09999999999999999,0.09999999999999999,0.09999999999999999,1.0,0.19999999999999998,0.19999999999999998,0.19999999999999998,1.0,0.3,0.3,0.3,1.0,0.39999999999999997,0.39999999999999997,0.39999999999999997,1.0,0.5,0.5,0.5,1.0
MIPOD,0.3,wavelet_energy_cover,10000,0.08116865855323961,0.08023835754361497,0.08210264768400913,0.6149765304733106,0.050030813217163086,0.15394645856330474,0.2996454021178117,0.01972621417823567,0.019523946489392582,0.01994335746130983,1.972621417823567,0.09226403216222755,0.09145624690258884,0.09316159521151181,1.8452806432445512,0.17509244743156,0.17371780165677983,0.17657784508190946,1.7509244743156,0.3219038826476241,0.3197644157320619,0.3241843671820157,1.6095194132381205,0.44902378715519964,0.44650712297083545,0.4516279938450968,1.4967459571839987,0.5602826973198555,0.557702748024975,0.5628588439257622,1.4007067432996385,0.6584649030443012,0.6560404088765083,0.6608718632355954,1.3169298060886023
MIPOD,0.3,wavelet_energy_stego,10000,0.08133818799189069,0.08040725779456469,0.08227369740613531,0.6154315556161414,0.050030813217163086,0.15394645856330474,0.30127681611794976,0.019768378994418773,0.019565522411465943,0.01998784783786825,1.976837899441877,0.09247937293509607,0.09167119802851247,0.09337609970428216,1.8495874587019214,0.17544831709233866,0.1740672224204169,0.17694946008531426,1.7544831709233861,0.32244640405744623,0.3203038881280856,0.32473705269392794,1.612232020287231,0.44964308173749523,0.44711155888528964,0.4522487377058681,1.4988102724583177,0.5609380878357283,0.5583487445012324,0.5635400441839236,1.4023452195893205,0.6591019180707515,0.6566755843406857,0.6615254047316123,1.318203836141503
MIPOD,0.4,laplacian_residual_cover,10000,0.11357502804310336,0.11245443458407006,0.11464268486730571,0.601910341354427,0.0730503273010254,0.20157338098325545,0.3153107522816432,0.021138960442612355,0.020948870670200962,0.02134344414605237,2.1138960442612356,0.09602805295788779,0.09531917468469397,0.09681539887378879,1.920561059157755,0.17854646702240615,0.17731181237924667,0.17984681467639604,1.7854646702240613,0.31981261912502185,0.3179587478120865,0.32168157836445327,1.5990630956251093,0.4386469474134531,0.43647957177789404,0.440724189533182,1.462156491378177,0.5418370720843132,0.5396608344032171,0.5439055725489157,1.3545926802107828,0.6336481274395033,0.6316608062067887,0.6355393215468853,1.2672962548790065
MIPOD,0.4,laplacian_residual_stego,10000,0.12565573185905232,0.1243290264358914,0.1269982911564865,0.6290174897520648,0.0730503273010254,0.20157338098325545,0.4093071480241392,0.02298941988527899,0.02276200790839397,0.02322142980580449,2.2989419885278983,0.10571272244343977,0.10479426671710411,0.1066763186147491,2.1142544488687958,0.1973119413932238,0.1957959817252843,0.19897999827420798,1.9731194139322383,0.35152502804197855,0.34929816391857227,0.35390426695689836,1.7576251402098926,0.4769252590333672,0.4744761488027833,0.4795337818465282,1.5897508634445576,0.5814489762480467,0.5790372213254668,0.5839273273692999,1.4536224406201166,0.6709632853702027,0.668787203853845,0.6731802837126276,1.3419265707404053
MIPOD,0.4,local_variance_cover,10000,0.10171428773229647,0.10071029561539499,0.10273445372918769,0.6009955118974453,0.0730503273010254,0.20157338098325545,0.22302582774092797,0.010815114004884179,0.01066058095584179,0.010972983777303793,1.0815114004884179,0.06160923577251007,0.060921594383781696,0.06232726332637372,1.232184715450201,0.1301779043961357,0.1289449341309901,0.13150364404665738,1.301779043961357,0.2697553599221949,0.2677290318806026,0.2720125748150576,1.3487767996109745,0.4044791529111794,0.4018828165032875,0.4073049779635628,1.3482638430372649,0.5297139783664709,0.5268791253758772,0.5326938099720252,1.3242849459161772,0.6434499326870171,0.6406298274051194,0.6463252900510469,1.2868998653740342
MIPOD,0.4,local_variance_stego,10000,0.1017993611938648,0.10079586855234177,0.10282648326878802,0.6013529242098814,0.0730503273010254,0.20157338098325545,0.2236877592709605,0.01081924289158922,0.010664872839511293,0.010976821414571217,1.081924289158922,0.061635289768319106,0.06094634984242209,0.06235742544628855,1.2327057953663823,0.1302448653621576,0.12900628901424901,0.13157625176298743,1.302448653621576,0.2699271383137242,0.2679021194526618,0.2721744267727762,1.349635691568621,0.40477018399237374,0.4021650406795772,0.4076081333151159,1.349233946641246,0.5301138988029035,0.527257265006855,0.533112033700334,1.3252847470072588,0.6439399042591859,0.6411288626742162,0.6468174462160706,1.2878798085183718
MIPOD,0.4,oracle,10000,0.20157338098325545,0.19941340992452264,0.20358036771953808,0.7373365426267424,0.0730503273010254,0.20157338098325545,1.0,0.042489193432915656,0.04219645708036203,0.04278294503900245,4.248919343291567,0.17116105351896369,0.1699929912953405,0.1723204628750933,3.4232210703792734,0.296366628532801,0.29440220829742353,0.29824815261864324,2.963666285328009,0.4841261203096123,0.4814271320561308,0.48673547465921246,2.4206306015480616,0.6203003570330279,0.6175456925857645,0.6229437390176518,2.0676678567767595,0.7238250410722492,0.7212797852082877,0.7262329674001585,1.8095626026806229,0.8046921983477797,0.8025121609625353,0.8066755798264699,1.6093843966955594
MIPOD,0.4,srm_residual_cover,10000,0.12132435898755903,0.12003695403109438,0.12255053360868656,0.6290563687591826,0.0730503273010254,0.20157338098325545,0.3756060123337089,0.019989343583529346,0.01980185043889296,0.02019070254909749,1.9989343583529342,0.09424306578139917,0.09349810866032736,0.09506957830930692,1.8848613156279832,0.1804082140896884,0.17909563782904772,0.1817977986344491,1.8040821408968841,0.33306389308796536,0.33092582756587696,0.3351950351288504,1.6653194654398267,0.46330112076897856,0.46080656878606513,0.4657725496480279,1.5443370692299285,0.5755398352579078,0.5730028379859557,0.5781009051298659,1.4388495881447692,0.6731603811684292,0.6707407495152724,0.6755026769780538,1.3463207623368585
MIPOD,0.4,srm_residual_stego,10000,0.12923613392837366,0.12785848652582193,0.1305645435817148,0.6491282170371334,0.0730503273010254,0.20157338098325545,0.43716520124293207,0.021112064358690123,0.020906062056298646,0.0213240523587567,2.111206435869012,0.09997493859523732,0.09914922453970111,0.10084996089168222,1.9994987719047466,0.19164530562597595,0.1901819799201814,0.19318399594931665,1.9164530562597597,0.3534923454967066,0.35124754703759015,0.3558916083345688,1.7674617274835327,0.48968318582991216,0.48704008827109224,0.4923913664443325,1.6322772860997072,0.6044154136099169,0.6016802685382372,0.6071249144856743,1.5110385340247923,0.7016123764429505,0.6990963939647333,0.7041063133193681,1.403224752885901
MIPOD,0.4,texture_energy_cover,10000,0.11752129007863628,0.11630506179719,0.1186984608250941,0.6208268107449774,0.0730503273010254,0.20157338098325545,0.346015454064484,0.01989502812862788,0.019708653269964817,0.020088687648601132,1.989502812862788,0.0929068145540232,0.09218289726186504,0.09370737133645084,1.8581362910804637,0.176726404698655,0.17546685219233152,0.1780955122251532,1.7672640469865502,0.32519937715607605,0.32317891666023385,0.32730666349714765,1.6259968857803804,0.4528345114350668,0.4504688197380747,0.45525345244456317,1.509448371450223,0.5638662748086465,0.5613559065590275,0.5663833988866187,1.409665687021616,0.6615033182965042,0.6591488702445945,0.663856030448448,1.3230066365930084
MIPOD,0.4,texture_energy_stego,10000,0.12638108525522226,0.1250541524406523,0.1277325548309999,0.6433742508554023,0.0730503273010254,0.20157338098325545,0.41495090901011267,0.021100139053956583,0.02089476767698802,0.021309871132858097,2.110013905395658,0.09917978202279891,0.09834312328544183,0.10008717225732537,1.983595640455978,0.18919923397326338,0.18773489489928033,0.19080307253329384,1.8919923397326337,0.34798884569526173,0.34572592480883446,0.3504599891005215,1.7399442284763085,0.4823568299853897,0.4797214643095948,0.4851433644151898,1.6078560999512987,0.5963480742774072,0.5936953946622024,0.5991087903034631,1.4908701856935178,0.6935680155381578,0.6910057046128183,0.6961164634262531,1.3871360310763157
MIPOD,0.4,uniform,10000,0.0730503273010254,0.07284955053329467,0.07323809057235718,0.5,0.0730503273010254,0.20157338098325545,0.0,0.01,0.01,0.01,1.0,0.049999999999999996,0.049999999999999996,0.049999999999999996,1.0,0.09999999999999999,0.09999999999999999,0.09999999999999999,1.0,0.19999999999999998,0.19999999999999998,0.19999999999999998,1.0,0.3,0.3,0.3,1.0,0.39999999999999997,0.39999999999999997,0.39999999999999997,1.0,0.5,0.5,0.5,1.0
MIPOD,0.4,wavelet_energy_cover,10000,0.11455373215097162,0.11337157573510764,0.11572325830043129,0.6137110510522378,0.0730503273010254,0.20157338098325545,0.32292576048311394,0.018869617439382487,0.018698141090446145,0.019060913626316726,1.8869617439382484,0.08901777792449647,0.08831858331977087,0.08980168807966758,1.7803555584899295,0.16995346565554623,0.1687184179418875,0.17129606271896425,1.6995346565554623,0.31510282335884277,0.313098157117945,0.3171964583565005,1.5755141167942137,0.4421244829264366,0.4397498568824816,0.44459496457297554,1.4737482764214556,0.5540560887117638,0.5515850130303134,0.5565444077933767,1.3851402217794098,0.6532404069656798,0.650875397537882,0.6555583703263295,1.3064808139313595
MIPOD,0.4,wavelet_energy_stego,10000,0.11480750050340052,0.11362125810069444,0.11599098821095864,0.6142810758541222,0.0730503273010254,0.20157338098325545,0.3249002572380412,0.01891439751871846,0.018742396543799368,0.01910440669415232,1.8914397518718462,0.08923355426027058,0.08853115468412559,0.09001951324898307,1.7846710852054115,0.1703195137638862,0.16908051800447216,0.17166007840066402,1.703195137638862,0.31570527799360304,0.31370267525177636,0.317809383414105,1.5785263899680149,0.4428557469791857,0.4404664298782734,0.44533023596940113,1.4761858232639526,0.5548350428420407,0.552351285536061,0.5573236135052214,1.3870876071051017,0.6540216004801903,0.651649173090615,0.6563404472486918,1.3080432009603806
MIPOD,0.5,laplacian_residual_cover,10000,0.1481864412714841,0.14683981108569222,0.14946380814468416,0.6005370742184202,0.09870334167480468,0.24694397645558575,0.33380253443905744,0.020075302455895117,0.019914612272916816,0.020248644562271788,2.0075302455895114,0.09226825808875665,0.09164059418823824,0.09296070121674156,1.8453651617751325,0.17288891955969699,0.1718001277825922,0.17403504191556463,1.7288891955969694,0.3128256983916242,0.31109594797018497,0.3145292133966115,1.5641284919581213,0.4318723315482982,0.4298413346195188,0.43383371559683936,1.4395744384943272,0.5358600600633918,0.5337880209697887,0.5378474796712677,1.3396501501584797,0.6286484921351637,0.6267614477278883,0.6304570343400724,1.2572969842703274
MIPOD,0.5,laplacian_residual_stego,10000,0.16330405664668582,0.1617648130610226,0.16485795717714638,0.6286175516201024,0.09870334167480468,0.24694397645558575,0.4357827735115474,0.021717078659126143,0.02152429679408639,0.021912061412334094,2.171707865912615,0.1011111489211496,0.10031385208646623,0.10194382772848129,2.0222229784229917,0.19053725984412245,0.18917332831509975,0.19202140637527607,1.9053725984412246,0.3439019376243663,0.34182428019898564,0.3461501299686667,1.7195096881218317,0.4702481212501366,0.4678823912772226,0.4727130287807719,1.5674937375004552,0.5760622581627313,0.5737174173650804,0.5784528439464878,1.440155645406828,0.6667567284158001,0.6646254755297767,0.6689139053085512,1.3335134568316003
MIPOD,0.5,local_variance_cover,10000,0.1347520972500224,0.13351749834212762,0.13602470235131303,0.60073386279771,0.09870334167480468,0.24694397645558575,0.24317728825518584,0.010739919109036261,0.010597337922348569,0.010881096490348569,1.0739919109036262,0.06090580285583643,0.060274780037571654,0.06155666432302404,1.2181160571167287,0.12843671576403215,0.12729016832041587,0.12964596530454647,1.2843671576403213,0.26608246788403694,0.2642010823437206,0.26820480829446125,1.3304123394201848,0.39955711222775064,0.3971043215254583,0.40222189558826466,1.3318570407591688,0.5244048593070905,0.5216451350247078,0.5272992097322377,1.3110121482677264,0.6384052574311777,0.6356771573184113,0.6411797298297393,1.2768105148623554
MIPOD,0.5,local_variance_stego,10000,0.13487398690700608,0.1336322192430267,0.13614754882041785,0.6011514180166121,0.09870334167480468,0.24694397645558575,0.24399953012674774,0.01074464527842222,0.010601652860297454,0.010885984379145074,1.074464527842222,0.06092992189524025,0.06029876896219384,0.06158029964523203,1.218598437904805,0.1285031187991706,0.127349237080004,0.12970873322485338,1.2850311879917058,0.26626249867641283,0.26438038051258056,0.2683850875112722,1.331312493382064,0.3998716718891461,0.3974170584756092,0.40254883293407356,1.3329055729638204,0.5248547772796102,0.5221025893262001,0.527733626388877,1.3121369431990253,0.6389658911753532,0.6362230930916667,0.6417466357463206,1.2779317823507064
MIPOD,0.5,oracle,10000,0.24694397645558575,0.24465091403928763,0.2491020700758681,0.7348240058915151,0.09870334167480468,0.24694397645558575,1.0,0.037355384467671886,0.03714607751976074,0.03757080892231372,3.735538446767188,0.15641549415484418,0.15550648397346387,0.157327348959556,3.128309883096884,0.2772810656140062,0.27570210184228916,0.2788466434716935,2.7728106561400616,0.4656824052684413,0.46325985379103535,0.46802408150206287,2.328412026342206,0.6058188050267167,0.6032111275220343,0.6083099317140783,2.019396016755722,0.7129979201291439,0.7105315012015224,0.7153155131196043,1.7824948003228593,0.7968386142714773,0.7946777633909443,0.798767510096655,1.5936772285429546
MIPOD,0.5,srm_residual_cover,10000,0.15777329086466096,0.15621863520133403,0.15925076929541587,0.6275331820296819,0.09870334167480468,0.24694397645558575,0.3984733961589492,0.019029121590806875,0.018866146517429017,0.019198927895043513,1.9029121590806874,0.09050941744237445,0.08985110254384544,0.09123529533827801,1.8101883488474886,0.17426591117697557,0.17308817990498374,0.17548518711440164,1.7426591117697556,0.3246716823979336,0.32273127776194055,0.3265922982256213,1.623358411989668,0.4547795196331037,0.4524519916419032,0.45707815038449756,1.5159317321103456,0.5678752593407442,0.565432201637929,0.5703124527797868,1.4196881483518606,0.6667806438518866,0.664486585725811,0.6690366631464444,1.3335612877037732
MIPOD,0.5,srm_residual_stego,10000,0.16764790727731596,0.1660205638271169,0.16922856255702826,0.6481775283666026,0.09870334167480468,0.24694397645558575,0.46508547203988176,0.0200388842134208,0.019864851431653414,0.020220586147247296,2.0038884213420793,0.09576800525932617,0.09504564963317853,0.09653749681912617,1.9153601051865232,0.18473298225283452,0.18343256241787986,0.186093924866917,1.8473298225283448,0.34424459880542246,0.3421934626171494,0.3464401155408209,1.7212229940271122,0.4806750540129984,0.4781640369867766,0.4832206889817505,1.6022501800433282,0.5967605591229314,0.5941573791548933,0.599349119713592,1.4919013978073286,0.6956009578219037,0.6931639470418611,0.6980499661346037,1.3912019156438074
MIPOD,0.5,texture_energy_cover,10000,0.15321608920478497,0.15174928045514913,0.15462487492143917,0.6194376324003835,0.09870334167480468,0.24694397645558575,0.36773147666693407,0.018977914749556072,0.01881852397975934,0.019144987908264872,1.8977914749556075,0.0893973433764189,0.08877046236082128,0.09009716901405267,1.787946867528378,0.17105704569393737,0.1699391574887153,0.17227175335550013,1.710570456939374,0.3175216686849232,0.3156726517810886,0.31945670500705636,1.5876083434246158,0.4450073193524037,0.44277375533786845,0.4472979544743812,1.4833577311746786,0.5567515115039027,0.5543475777137907,0.5590947057224397,1.3918787787597564,0.6555125628521157,0.6532318733496761,0.6577616385365539,1.3110251257042314
MIPOD,0.5,texture_energy_stego,10000,0.1643961551405836,0.16279744892091455,0.1659821674043675,0.6428311766725398,0.09870334167480468,0.24694397645558575,0.44314983919844747,0.020054963762720004,0.019882399004562606,0.020235524406376767,2.005496376272,0.09515911164465723,0.09443036160052178,0.09594999205282789,1.903182232893145,0.18275966216714745,0.1814604312406786,0.18418993854382856,1.8275966216714747,0.33962544879991524,0.3375343374910783,0.3418938686824265,1.6981272439995758,0.4743577768515734,0.47187223989017435,0.476995668850598,1.5811925895052446,0.5895837227586633,0.5870140560423724,0.5922269847968603,1.473959306896658,0.6882667781054794,0.6857689622761353,0.6907585441148799,1.3765335562109589
MIPOD,0.5,uniform,10000,0.09870334167480468,0.09842911331176758,0.09896168003082276,0.5,0.09870334167480468,0.24694397645558575,0.0,0.01,0.01,0.01,1.0,0.049999999999999996,0.049999999999999996,0.049999999999999996,1.0,0.09999999999999999,0.09999999999999999,0.09999999999999999,1.0,0.19999999999999998,0.19999999999999998,0.19999999999999998,1.0,0.3,0.3,0.3,1.0,0.39999999999999997,0.39999999999999997,0.39999999999999997,1.0,0.5,0.5,0.5,1.0
MIPOD,0.5,wavelet_energy_cover,10000,0.14964419665947828,0.14822641777647913,0.15103395581652693,0.6124220330593731,0.09870334167480468,0.24694397645558575,0.3436362442727338,0.018062607739770503,0.017911563664161963,0.018226864536409135,1.8062607739770504,0.08584380513033213,0.08523010939862284,0.08652650789355182,1.7168761026066426,0.1647647265520975,0.16366869258462183,0.16596376222734954,1.6476472655209748,0.307947258582717,0.30608996029620744,0.3098494677510216,1.539736292913585,0.43471053449766717,0.43250124494521736,0.43702743215444767,1.449035114992224,0.5472955194178787,0.5449576346374336,0.5496603547839175,1.3682387985446964,0.6475406882351992,0.6452653875777826,0.6497784474881062,1.2950813764703983
MIPOD,0.5,wavelet_energy_stego,10000,0.14997087367508724,0.14855078403085467,0.1513654639271833,0.6130771562933152,0.09870334167480468,0.24694397645558575,0.34583993839541516,0.018103723931885484,0.01795305861013913,0.018268103175582383,1.810372393188548,0.08604082590082406,0.08542338014395734,0.08672723785159686,1.7208165180164807,0.1651103981377616,0.16400569373742085,0.16631426959427054,1.6511039813776163,0.30855022778842384,0.3067023250913152,0.31045796833966355,1.5427511389421191,0.43548333432172276,0.43326454811383064,0.4377937476651938,1.4516111144057429,0.5481604146625705,0.5458121664145336,0.5505429407488946,1.370401036656426,0.6484248148917696,0.6461324110179216,0.6506562736313782,1.2968496297835392
