config_id,method,alpha,probe_budget_fraction,probe_budget_percentage,records,mean_total_pixels,mean_carrier_pixels,mean_used_pixels,mean_used_pixel_fraction,mean_used_pixel_percentage,mean_probe_budget_pixels,total_probe_budget_pixels,total_guessed_carrier_pixels,mean_guessed_carrier_pixels,mean_precision_hit_rate,mean_carrier_recall,mean_incremental_probe_pixels,mean_incremental_guessed_pixels,mean_incremental_precision_hit_rate
hugo_alpha0p03,HUGO,0.03,0.01,1.0,10000,262144.0,1078.8825,1078.8825,0.004115610122680664,0.4115610122680664,2621.0,26210000,362250,36.225,0.013821060663868753,0.03163590922891859,2621.0,36.225,0.013821060663868753
hugo_alpha0p03,HUGO,0.03,0.05,5.0,10000,262144.0,1078.8825,1078.8825,0.004115610122680664,0.4115610122680664,13107.0,131070000,1701265,170.1265,0.012979819943541616,0.14931512642766206,10486.0,133.9015,0.012769549876025176
hugo_alpha0p03,HUGO,0.03,0.1,10.0,10000,262144.0,1078.8825,1078.8825,0.004115610122680664,0.4115610122680664,26214.0,262140000,3147641,314.7641,0.012007480735484853,0.2780046351594583,13107.0,144.6376,0.011035141527428093
hugo_alpha0p03,HUGO,0.03,0.2,20.0,10000,262144.0,1078.8825,1078.8825,0.004115610122680664,0.4115610122680664,52429.0,524290000,5434576,543.4576,0.010365591561921838,0.48526572806294427,26215.0,228.6935,0.008723765020026702
hugo_alpha0p03,HUGO,0.03,0.3,30.0,10000,262144.0,1078.8825,1078.8825,0.004115610122680664,0.4115610122680664,78643.0,786430000,7099067,709.9067,0.009026953447859315,0.6396216251544513,26214.0,166.4491,0.006349626153963531
hugo_alpha0p03,HUGO,0.03,0.4,40.0,10000,262144.0,1078.8825,1078.8825,0.004115610122680664,0.4115610122680664,104858.0,1048580000,8310178,831.0178,0.007925173091228137,0.7543376804867021,26215.0,121.1111,0.0046199160785809655
hugo_alpha0p03,HUGO,0.03,0.5,50.0,10000,262144.0,1078.8825,1078.8825,0.004115610122680664,0.4115610122680664,131072.0,1310720000,9186513,918.6513,0.007008753204345703,0.8390002844937761,26214.0,87.6335,0.0033430037384603642
hugo_alpha0p05,HUGO,0.05,0.01,1.0,10000,262144.0,1914.4001,1914.4001,0.007302856826782227,0.7302856826782227,2621.0,26210000,592903,59.2903,0.02262125143075162,0.02930510205159088,2621.0,59.2903,0.02262125143075162
hugo_alpha0p05,HUGO,0.05,0.05,5.0,10000,262144.0,1914.4001,1914.4001,0.007302856826782227,0.7302856826782227,13107.0,131070000,2805190,280.519,0.021402227817196917,0.13925693347054077,10486.0,221.2287,0.0210975300400534
hugo_alpha0p05,HUGO,0.05,0.1,10.0,10000,262144.0,1914.4001,1914.4001,0.007302856826782227,0.7302856826782227,26214.0,262140000,5240069,524.0069,0.01998958190280003,0.261488972551257,13107.0,243.4879,0.018576935988403143
hugo_alpha0p05,HUGO,0.05,0.2,20.0,10000,262144.0,1914.4001,1914.4001,0.007302856826782227,0.7302856826782227,52429.0,524290000,9185316,918.5316,0.017519533082835836,0.46271964432667373,26215.0,394.5247,0.015049578485599846
hugo_alpha0p05,HUGO,0.05,0.3,30.0,10000,262144.0,1914.4001,1914.4001,0.007302856826782227,0.7302856826782227,78643.0,786430000,12149742,1214.9742,0.015449235151253128,0.6171024749140833,26214.0,296.4426,0.011308560311284046
hugo_alpha0p05,HUGO,0.05,0.4,40.0,10000,262144.0,1914.4001,1914.4001,0.007302856826782227,0.7302856826782227,104858.0,1048580000,14363210,1436.321,0.013697772225295161,0.734654316447576,26215.0,221.3468,0.008443517070379554
hugo_alpha0p05,HUGO,0.05,0.5,50.0,10000,262144.0,1914.4001,1914.4001,0.007302856826782227,0.7302856826782227,131072.0,1310720000,16001619,1600.1619,0.01220826644897461,0.8233081410558789,26214.0,163.8409,0.006250129701686122
hugo_alpha0p1,HUGO,0.1,0.01,1.0,10000,262144.0,4198.0111,4198.0111,0.016014141464233397,1.6014141464233398,2621.0,26210000,1142728,114.2728,0.04359893170545594,0.02597576894011712,2621.0,114.2728,0.04359893170545594
hugo_alpha0p1,HUGO,0.1,0.05,5.0,10000,262144.0,4198.0111,4198.0111,0.016014141464233397,1.6014141464233398,13107.0,131070000,5470235,547.0235,0.04173521782253757,0.12469068056725754,10486.0,432.7507,0.04126937821857715
hugo_alpha0p1,HUGO,0.1,0.1,10.0,10000,262144.0,4198.0111,4198.0111,0.016014141464233397,1.6014141464233398,26214.0,262140000,10360870,1036.087,0.03952418554970626,0.23702988671095926,13107.0,489.0635,0.03731315327687495
hugo_alpha0p1,HUGO,0.1,0.2,20.0,10000,262144.0,4198.0111,4198.0111,0.016014141464233397,1.6014141464233398,52429.0,524290000,18594929,1859.4929,0.03546687710999638,0.4284591090318032,26215.0,823.4059,0.03140972344077818
hugo_alpha0p1,HUGO,0.1,0.3,30.0,10000,262144.0,4198.0111,4198.0111,0.016014141464233397,1.6014141464233398,78643.0,786430000,25068336,2506.8336,0.03187611866281805,0.5814993584490414,26214.0,647.3407,0.024694464789806973
hugo_alpha0p1,HUGO,0.1,0.4,40.0,10000,262144.0,4198.0111,4198.0111,0.016014141464233397,1.6014141464233398,104858.0,1048580000,30105975,3010.5975,0.02871118560338744,0.7025909490653902,26215.0,503.7639,0.019216627884798783
hugo_alpha0p1,HUGO,0.1,0.5,50.0,10000,262144.0,4198.0111,4198.0111,0.016014141464233397,1.6014141464233398,131072.0,1310720000,33974713,3397.4713,0.02592064895629883,0.7971114523174887,26214.0,386.8738,0.014758289463645383
hugo_alpha0p2,HUGO,0.2,0.01,1.0,10000,262144.0,9321.4033,9321.4033,0.03555833168029785,3.555833168029785,2621.0,26210000,2177039,217.7039,0.0830613887829073,0.022519790876286114,2621.0,217.7039,0.0830613887829073
hugo_alpha0p2,HUGO,0.2,0.05,5.0,10000,262144.0,9321.4033,9321.4033,0.03555833168029785,3.555833168029785,13107.0,131070000,10537203,1053.7203,0.08039370565346761,0.1091816171616561,10486.0,836.0164,0.07972691207324051
hugo_alpha0p2,HUGO,0.2,0.1,10.0,10000,262144.0,9321.4033,9321.4033,0.03555833168029785,3.555833168029785,26214.0,262140000,20236324,2023.6324,0.07719662775616085,0.2101282402688944,13107.0,969.9121,0.07399954985885406
hugo_alpha0p2,HUGO,0.2,0.2,20.0,10000,262144.0,9321.4033,9321.4033,0.03555833168029785,3.555833168029785,52429.0,524290000,37253168,3725.3168,0.07105450800129699,0.3886155090987605,26215.0,1701.6844,0.06491262254434485
hugo_alpha0p2,HUGO,0.2,0.3,30.0,10000,262144.0,9321.4033,9321.4033,0.03555833168029785,3.555833168029785,78643.0,786430000,51360203,5136.0203,0.06530804140228628,0.5383184743507234,26214.0,1410.7035,0.053814888990615706
hugo_alpha0p2,HUGO,0.2,0.4,40.0,10000,262144.0,9321.4033,9321.4033,0.03555833168029785,3.555833168029785,104858.0,1048580000,62891766,6289.1766,0.05997803314959278,0.6622325207216246,26215.0,1153.1563,0.04398841502956322
hugo_alpha0p2,HUGO,0.2,0.5,50.0,10000,262144.0,9321.4033,9321.4033,0.03555833168029785,3.555833168029785,131072.0,1310720000,72158653,7215.8653,0.055052683258056644,0.7631168160193758,26214.0,926.6887,0.03535090791180285
hugo_alpha0p3,HUGO,0.3,0.01,1.0,10000,262144.0,14997.2973,14997.2973,0.057210149002075196,5.7210149002075195,2621.0,26210000,3150392,315.0392,0.1201980923311713,0.020401791803764398,2621.0,315.0392,0.1201980923311713
hugo_alpha0p3,HUGO,0.3,0.05,5.0,10000,262144.0,14997.2973,14997.2973,0.057210149002075196,5.7210149002075195,13107.0,131070000,15355846,1535.5846,0.11715759517814908,0.099558654702341,10486.0,1220.5454,0.11639761586877742
hugo_alpha0p3,HUGO,0.3,0.1,10.0,10000,262144.0,14997.2973,14997.2973,0.057210149002075196,5.7210149002075195,26214.0,262140000,29729009,2972.9009,0.11340889982452125,0.1930178650736481,13107.0,1437.3163,0.1096602044708934
hugo_alpha0p3,HUGO,0.3,0.2,20.0,10000,262144.0,14997.2973,14997.2973,0.057210149002075196,5.7210149002075195,52429.0,524290000,55611886,5561.1886,0.10607085010204277,0.36218739030994157,26215.0,2588.2877,0.09873308029753958
hugo_alpha0p3,HUGO,0.3,0.3,30.0,10000,262144.0,14997.2973,14997.2973,0.057210149002075196,5.7210149002075195,78643.0,786430000,77810738,7781.0738,0.09894172145009728,0.5084866616801179,26214.0,2219.8852,0.0846831921873808
hugo_alpha0p3,HUGO,0.3,0.4,40.0,10000,262144.0,14997.2973,14997.2973,0.057210149002075196,5.7210149002075195,104858.0,1048580000,96556506,9655.6506,0.09208310858494345,0.6332097740495223,26215.0,1874.5768,0.07150779324814038
hugo_alpha0p3,HUGO,0.3,0.5,50.0,10000,262144.0,14997.2973,14997.2973,0.057210149002075196,5.7210149002075195,131072.0,1310720000,112097135,11209.7135,0.0855233268737793,0.7377082688415795,26214.0,1554.0629,0.05928369954985886
hugo_alpha0p4,HUGO,0.4,0.01,1.0,10000,262144.0,21151.087,21151.087,0.08068499374389648,8.06849937438965,2621.0,26210000,4088831,408.8831,0.15600270888973672,0.018879550217832473,2621.0,408.8831,0.15600270888973672
hugo_alpha0p4,HUGO,0.4,0.05,5.0,10000,262144.0,21151.087,21151.087,0.08068499374389648,8.06849937438965,13107.0,131070000,20019559,2001.9559,0.15273944457160296,0.09250895203251122,10486.0,1593.0728,0.1519237840930765
hugo_alpha0p4,HUGO,0.4,0.1,10.0,10000,262144.0,21151.087,21151.087,0.08068499374389648,8.06849937438965,26214.0,262140000,38983963,3898.3963,0.1487142862592508,0.18030993553879593,13107.0,1896.4404,0.1446891279468986
hugo_alpha0p4,HUGO,0.4,0.2,20.0,10000,262144.0,21151.087,21151.087,0.08068499374389648,8.06849937438965,52429.0,524290000,73738709,7373.8709,0.14064488927883423,0.34179164695893044,26215.0,3475.4746,0.13257580011443829
hugo_alpha0p4,HUGO,0.4,0.3,30.0,10000,262144.0,21151.087,21151.087,0.08068499374389648,8.06849937438965,78643.0,786430000,104325355,10432.5355,0.1326568861818598,0.48475325416899306,26214.0,3058.6646,0.1166805752651255
hugo_alpha0p4,HUGO,0.4,0.4,40.0,10000,262144.0,21151.087,21151.087,0.08068499374389648,8.06849937438965,104858.0,1048580000,130804775,13080.4775,0.12474467851761428,0.609418525672301,26215.0,2647.942,0.10100865916460043
hugo_alpha0p4,HUGO,0.4,0.5,50.0,10000,262144.0,21151.087,21151.087,0.08068499374389648,8.06849937438965,131072.0,1310720000,153321238,15332.1238,0.11697482147216796,0.7163326554986233,26214.0,2251.6463,0.08589480048828871
hugo_alpha0p5,HUGO,0.5,0.01,1.0,10000,262144.0,27758.4884,27758.4884,0.10589022979736328,10.589022979736328,2621.0,26210000,5001541,500.1541,0.19082567722243418,0.01767588355405905,2621.0,500.1541,0.19082567722243418
hugo_alpha0p5,HUGO,0.5,0.05,5.0,10000,262144.0,27758.4884,27758.4884,0.10589022979736328,10.589022979736328,13107.0,131070000,24571261,2457.1261,0.1874667048142214,0.08687248737128686,10486.0,1956.972,0.1866271218767881
hugo_alpha0p5,HUGO,0.5,0.1,10.0,10000,262144.0,27758.4884,27758.4884,0.10589022979736328,10.589022979736328,26214.0,262140000,48042507,4804.2507,0.18327041657129778,0.16996635977584504,13107.0,2347.1246,0.17907412832837413
hugo_alpha0p5,HUGO,0.5,0.2,20.0,10000,262144.0,27758.4884,27758.4884,0.10589022979736328,10.589022979736328,52429.0,524290000,91701748,9170.1748,0.17490653645883006,0.3249098586296579,26215.0,4365.9241,0.1665429753957658
hugo_alpha0p5,HUGO,0.5,0.3,30.0,10000,262144.0,27758.4884,27758.4884,0.10589022979736328,10.589022979736328,78643.0,786430000,130878048,13087.8048,0.16642046717444656,0.46453451372955695,26214.0,3917.63,0.149448004882887
hugo_alpha0p5,HUGO,0.5,0.4,40.0,10000,262144.0,27758.4884,27758.4884,0.10589022979736328,10.589022979736328,104858.0,1048580000,165538349,16553.8349,0.1578690695988861,0.5887461441949495,26215.0,3466.0301,0.13221552927713143
hugo_alpha0p5,HUGO,0.5,0.5,50.0,10000,262144.0,27758.4884,27758.4884,0.10589022979736328,10.589022979736328,131072.0,1310720000,195627885,19562.7885,0.14925223159790038,0.6973084672094506,26214.0,3008.9536,0.11478422217135881
