config_id,method,alpha,probe_budget_fraction,probe_budget_percentage,records,mean_total_pixels,mean_carrier_pixels,mean_used_pixels,mean_used_pixel_fraction,mean_used_pixel_percentage,mean_probe_budget_pixels,total_probe_budget_pixels,total_guessed_carrier_pixels,mean_guessed_carrier_pixels,mean_precision_hit_rate,mean_carrier_recall,mean_incremental_probe_pixels,mean_incremental_guessed_pixels,mean_incremental_precision_hit_rate,repeats,mean_sd_carrier_recall
hugo_alpha0p001,HUGO,0.001,0.005,0.5,1000,262144.0,25.25,25.25,9.632110595703125e-05,0.009632110595703125,1311.0,1311000,248,0.6584,0.0005022120518688025,0.02463412026361991,1311.0,0.6584,0.0005022120518688025,10,0.028258840719918972
hugo_alpha0p001,HUGO,0.001,0.01,1.0,1000,262144.0,25.25,25.25,9.632110595703125e-05,0.009632110595703125,2621.0,2621000,822,1.2791000000000001,0.0004880198397558183,0.04799101073822857,1310.0,0.6207,0.0004738167938931297,10,0.03977448538207456
hugo_alpha0p001,HUGO,0.001,0.02,2.0,1000,262144.0,25.25,25.25,9.632110595703125e-05,0.009632110595703125,5243.0,5243000,2028,2.4766,0.00047236315086782377,0.09282778153921611,2622.0,1.1975,0.0004567124332570557,10,0.054109501668618984
hugo_alpha0p001,HUGO,0.001,0.05,5.0,1000,262144.0,25.25,25.25,9.632110595703125e-05,0.009632110595703125,13107.0,13107000,5270,5.721,0.00043648432135500115,0.21577352137217212,7864.0,3.2443999999999997,0.00041256358087487285,10,0.07652493179924508
hugo_alpha0p001,HUGO,0.001,0.1,10.0,1000,262144.0,25.25,25.25,9.632110595703125e-05,0.009632110595703125,26214.0,26214000,9656,10.095899999999999,0.00038513389791714354,0.38385412240819994,13107.0,4.374899999999999,0.0003337834744792859,10,0.08814644264164383
hugo_alpha0p001,HUGO,0.001,0.2,20.0,1000,262144.0,25.25,25.25,9.632110595703125e-05,0.009632110595703125,52429.0,52429000,15626,16.0767,0.00030663754792195164,0.6190322342298077,26215.0,5.9808,0.00022814419225634182,10,0.08528145457644755
hugo_alpha0p001,HUGO,0.001,0.3,30.0,1000,262144.0,25.25,25.25,9.632110595703125e-05,0.009632110595703125,78643.0,78643000,19271,19.7279,0.00025085385857609704,0.7666533304853017,26214.0,3.6512,0.00013928435187304493,10,0.07218245543684279
hugo_alpha0p001,HUGO,0.001,0.4,40.0,1000,262144.0,25.25,25.25,9.632110595703125e-05,0.009632110595703125,104858.0,104858000,21574,22.0304,0.0002100974651433367,0.8618517369569109,26215.0,2.3025,8.783139423993896e-05,10,0.057322709535878376
hugo_alpha0p001,HUGO,0.001,0.5,50.0,1000,262144.0,25.25,25.25,9.632110595703125e-05,0.009632110595703125,131072.0,131072000,22990,23.453599999999998,0.00017893676757812498,0.9219668341136794,26214.0,1.4231999999999998,5.429159990844586e-05,10,0.04305879861049138
hugo_alpha0p0025,HUGO,0.0025,0.005,0.5,1000,262144.0,68.703,68.703,0.0002620811462402344,0.026208114624023438,1311.0,1311000,1181,1.6399000000000001,0.0012508771929824563,0.02241890246800957,1311.0,1.6399000000000001,0.0012508771929824563,10,0.01655640944618252
hugo_alpha0p0025,HUGO,0.0025,0.01,1.0,1000,262144.0,68.703,68.703,0.0002620811462402344,0.026208114624023438,2621.0,2621000,2736,3.2047,0.0012227012590614267,0.04388857082185105,1310.0,1.5648,0.0011945038167938931,10,0.022923399031008408
hugo_alpha0p0025,HUGO,0.0025,0.02,2.0,1000,262144.0,68.703,68.703,0.0002620811462402344,0.026208114624023438,5243.0,5243000,5806,6.2556,0.0011931337020789625,0.08582872148819916,2622.0,3.0509,0.001163577421815408,10,0.03163386336005981
hugo_alpha0p0025,HUGO,0.0025,0.05,5.0,1000,262144.0,68.703,68.703,0.0002620811462402344,0.026208114624023438,13107.0,13107000,14115,14.558200000000001,0.0011107194628824292,0.20104385848377843,7864.0,8.302599999999998,0.0010557731434384537,10,0.044426938509101704
hugo_alpha0p0025,HUGO,0.0025,0.1,10.0,1000,262144.0,68.703,68.703,0.0002620811462402344,0.026208114624023438,26214.0,26214000,25467,25.9144,0.0009885709925993745,0.3608297825604985,13107.0,11.356200000000001,0.0008664225223163196,10,0.051778166709478546
hugo_alpha0p0025,HUGO,0.0025,0.2,20.0,1000,262144.0,68.703,68.703,0.0002620811462402344,0.026208114624023438,52429.0,52429000,41562,42.027800000000006,0.0008016136107879228,0.5931060762574318,26215.0,16.1134,0.0006146633606713713,10,0.051267131260985185
hugo_alpha0p0025,HUGO,0.0025,0.3,30.0,1000,262144.0,68.703,68.703,0.0002620811462402344,0.026208114624023438,78643.0,78643000,51848,52.296099999999996,0.0006649809900436148,0.7451558500601255,26214.0,10.2683,0.0003917105363546197,10,0.044867683448942666
hugo_alpha0p0025,HUGO,0.0025,0.4,40.0,1000,262144.0,68.703,68.703,0.0002620811462402344,0.026208114624023438,104858.0,104858000,58385,58.8497,0.0005612323332506819,0.8446262954721051,26215.0,6.5536,0.0002499942780850658,10,0.036512882155064666
hugo_alpha0p0025,HUGO,0.0025,0.5,50.0,1000,262144.0,68.703,68.703,0.0002620811462402344,0.026208114624023438,131072.0,131072000,62590,63.0398,0.00048095550537109375,0.9094855790894674,26214.0,4.1901,0.00015984206912336918,10,0.027720705008563006
hugo_alpha0p005,HUGO,0.005,0.005,0.5,1000,262144.0,146.916,146.916,0.0005604400634765625,0.05604400634765625,1311.0,1311000,2791,3.2441999999999998,0.002474599542334096,0.02074071826292836,1311.0,3.2441999999999998,0.002474599542334096,10,0.011121927316710677
hugo_alpha0p005,HUGO,0.005,0.01,1.0,1000,262144.0,146.916,146.916,0.0005604400634765625,0.05604400634765625,2621.0,2621000,5967,6.41,0.002445631438382297,0.041037304414374504,1310.0,3.1658000000000004,0.002416641221374046,10,0.015472291273045313
hugo_alpha0p005,HUGO,0.005,0.02,2.0,1000,262144.0,146.916,146.916,0.0005604400634765625,0.05604400634765625,5243.0,5243000,12108,12.566400000000002,0.002396795727636849,0.08064045148077693,2622.0,6.1564,0.0023479786422578182,10,0.021009670450586652
hugo_alpha0p005,HUGO,0.005,0.05,5.0,1000,262144.0,146.916,146.916,0.0005604400634765625,0.05604400634765625,13107.0,13107000,29046,29.488300000000002,0.0022498130769817654,0.19034053848306584,7864.0,16.9219,0.0021518184130213634,10,0.030134907340442395
hugo_alpha0p005,HUGO,0.005,0.1,10.0,1000,262144.0,146.916,146.916,0.0005604400634765625,0.05604400634765625,26214.0,26214000,52520,52.96810000000001,0.002020603494316014,0.3445303444494673,13107.0,23.4798,0.0017913939116502632,10,0.0353183580265043
hugo_alpha0p005,HUGO,0.005,0.2,20.0,1000,262144.0,146.916,146.916,0.0005604400634765625,0.05604400634765625,52429.0,52429000,86511,86.9749,0.0016589082378073202,0.5729950020962958,26215.0,34.006800000000005,0.001297226778561892,10,0.03607756185453534
hugo_alpha0p005,HUGO,0.005,0.3,30.0,1000,262144.0,146.916,146.916,0.0005604400634765625,0.05604400634765625,78643.0,78643000,108866,109.3014,0.0013898427069160637,0.7271207242827908,26214.0,22.3265,0.0008517013809414818,10,0.031868775145820954
hugo_alpha0p005,HUGO,0.005,0.4,40.0,1000,262144.0,146.916,146.916,0.0005604400634765625,0.05604400634765625,104858.0,104858000,123490,123.94679999999998,0.001182044288466307,0.8306753974143377,26215.0,14.6454,0.0005586648865153538,10,0.025960428534795865
hugo_alpha0p005,HUGO,0.005,0.5,50.0,1000,262144.0,146.916,146.916,0.0005604400634765625,0.05604400634765625,131072.0,131072000,133037,133.47609999999997,0.001018341827392578,0.8994789448531803,26214.0,9.5293,0.000363519493400473,10,0.02040555514391641
hugo_alpha0p01,HUGO,0.01,0.005,0.5,1000,262144.0,315.874,315.874,0.0012049636840820313,0.12049636840820313,1311.0,1311000,6058,6.502300000000001,0.004959801678108314,0.01936536268493657,1311.0,6.502300000000001,0.004959801678108314,10,0.007361713706095255
hugo_alpha0p01,HUGO,0.01,0.01,1.0,1000,262144.0,315.874,315.874,0.0012049636840820313,0.12049636840820313,2621.0,2621000,12413,12.8643,0.004908164822586799,0.03835210933000681,1310.0,6.362,0.004856488549618321,10,0.01002792593718954
hugo_alpha0p01,HUGO,0.01,0.02,2.0,1000,262144.0,315.874,315.874,0.0012049636840820313,0.12049636840820313,5243.0,5243000,24755,25.2057,0.004807495708563799,0.07526769950628848,2622.0,12.3414,0.004706864988558352,10,0.013630994527780077
hugo_alpha0p01,HUGO,0.01,0.05,5.0,1000,262144.0,315.874,315.874,0.0012049636840820313,0.12049636840820313,13107.0,13107000,58835,59.29339999999999,0.0045237964446478976,0.177807319773358,7864.0,34.087700000000005,0.004334651576805696,10,0.01985106251649942
hugo_alpha0p01,HUGO,0.01,0.1,10.0,1000,262144.0,315.874,315.874,0.0012049636840820313,0.12049636840820313,26214.0,26214000,107283,107.7433,0.004110143434805829,0.32551653110965434,13107.0,48.4499,0.00369649042496376,10,0.024121402379609205
hugo_alpha0p01,HUGO,0.01,0.2,20.0,1000,262144.0,315.874,315.874,0.0012049636840820313,0.12049636840820313,52429.0,52429000,179454,179.8989,0.003431286120276946,0.5503931179309994,26215.0,72.1556,0.002752454701506771,10,0.02495875083585429
hugo_alpha0p01,HUGO,0.01,0.3,30.0,1000,262144.0,315.874,315.874,0.0012049636840820313,0.12049636840820313,78643.0,78643000,228075,228.5239,0.0029058390447973753,0.7060282184167368,26214.0,48.625,0.001854924849317159,10,0.02232267576580304
hugo_alpha0p01,HUGO,0.01,0.4,40.0,1000,262144.0,315.874,315.874,0.0012049636840820313,0.12049636840820313,104858.0,104858000,260821,261.2851,0.0024917993858360834,0.8133339757151882,26215.0,32.7612,0.001249711996948312,10,0.018627551964019176
hugo_alpha0p01,HUGO,0.01,0.5,50.0,1000,262144.0,315.874,315.874,0.0012049636840820313,0.12049636840820313,131072.0,131072000,282785,283.21830000000006,0.0021607841491699223,0.8867085084650626,26214.0,21.933199999999996,0.0008366979476615548,10,0.014714840161916235
hugo_alpha0p02,HUGO,0.02,0.005,0.5,1000,262144.0,682.097,682.097,0.0026019935607910155,0.26019935607910155,1311.0,1311000,12459,12.896900000000002,0.009837452326468345,0.01782317135928642,1311.0,12.896900000000002,0.009837452326468345,10,0.004752493331504457
hugo_alpha0p02,HUGO,0.02,0.01,1.0,1000,262144.0,682.097,682.097,0.0026019935607910155,0.26019935607910155,2621.0,2621000,25011,25.458599999999997,0.009713315528424265,0.03520396226417083,1310.0,12.5617,0.00958908396946565,10,0.006624840985219164
hugo_alpha0p02,HUGO,0.02,0.02,2.0,1000,262144.0,682.097,682.097,0.0026019935607910155,0.26019935607910155,5243.0,5243000,49680,50.11110000000001,0.009557715048636275,0.069411305671287,2622.0,24.6525,0.00940217391304348,10,0.009095497043991776
hugo_alpha0p02,HUGO,0.02,0.05,5.0,1000,262144.0,682.097,682.097,0.0026019935607910155,0.26019935607910155,13107.0,13107000,118395,118.8642,0.009068757152666513,0.1653430040102763,7864.0,68.7531,0.00874276449643947,10,0.012933251738782934
hugo_alpha0p02,HUGO,0.02,0.1,10.0,1000,262144.0,682.097,682.097,0.0026019935607910155,0.26019935607910155,26214.0,26214000,217669,218.0996,0.008319966430151825,0.30536023628050013,13107.0,99.2354,0.00757117570763714,10,0.01587889872698552
hugo_alpha0p02,HUGO,0.02,0.2,20.0,1000,262144.0,682.097,682.097,0.0026019935607910155,0.26019935607910155,52429.0,52429000,369940,370.39469999999994,0.007064691296801389,0.5244935607929126,26215.0,152.29510000000002,0.005809464047301164,10,0.016770174000337677
hugo_alpha0p02,HUGO,0.02,0.3,30.0,1000,262144.0,682.097,682.097,0.0026019935607910155,0.26019935607910155,78643.0,78643000,476429,476.8941,0.006064037485853794,0.6816064069807108,26214.0,106.49940000000001,0.004062691691462577,10,0.015525250113473575
hugo_alpha0p02,HUGO,0.02,0.4,40.0,1000,262144.0,682.097,682.097,0.0026019935607910155,0.26019935607910155,104858.0,104858000,550559,551.005,0.005254773121745599,0.7934088270233356,26215.0,74.11090000000002,0.0028270417699790195,10,0.01313756649869685
hugo_alpha0p02,HUGO,0.02,0.5,50.0,1000,262144.0,682.097,682.097,0.0026019935607910155,0.26019935607910155,131072.0,131072000,601417,601.8611999999999,0.004591836547851562,0.8716959715667556,26214.0,50.856199999999994,0.0019400396734569312,10,0.010643322293261502
hugo_alpha0p03,HUGO,0.03,0.005,0.5,1000,262144.0,1073.514,1073.514,0.004095130920410156,0.4095130920410156,1311.0,1311000,18702,19.1555,0.014611365369946606,0.016867897811358248,1311.0,19.1555,0.014611365369946606,10,0.003696126992717767
hugo_alpha0p03,HUGO,0.03,0.01,1.0,1000,262144.0,1073.514,1073.514,0.004095130920410156,0.4095130920410156,2621.0,2621000,37467,37.924600000000005,0.014469515452117512,0.033407758676133756,1310.0,18.769099999999998,0.014327557251908398,10,0.005102769169723495
hugo_alpha0p03,HUGO,0.03,0.02,2.0,1000,262144.0,1073.514,1073.514,0.004095130920410156,0.4095130920410156,5243.0,5243000,74209,74.66,0.014239938966240704,0.06585975956363115,2622.0,36.7354,0.014010450038138824,10,0.0070138467126286365
hugo_alpha0p03,HUGO,0.03,0.05,5.0,1000,262144.0,1073.514,1073.514,0.004095130920410156,0.4095130920410156,13107.0,13107000,177112,177.5672,0.013547508964675364,0.15717901063115475,7864.0,102.90720000000002,0.013085859613428282,10,0.010169518222706007
hugo_alpha0p03,HUGO,0.03,0.1,10.0,1000,262144.0,1073.514,1073.514,0.004095130920410156,0.4095130920410156,26214.0,26214000,327958,328.40340000000003,0.012527786678873883,0.29238861287913226,13107.0,150.83620000000002,0.011508064393072406,10,0.012645502718124018
hugo_alpha0p03,HUGO,0.03,0.2,20.0,1000,262144.0,1073.514,1073.514,0.004095130920410156,0.4095130920410156,52429.0,52429000,563962,564.3915,0.010764872494230292,0.5077994689596297,26215.0,235.9881,0.009002025557886708,10,0.013550854761582114
hugo_alpha0p03,HUGO,0.03,0.3,30.0,1000,262144.0,1073.514,1073.514,0.004095130920410156,0.4095130920410156,78643.0,78643000,732265,732.7218,0.009317063184263062,0.6650967981624333,26214.0,168.3303,0.006421389333943694,10,0.012397539465406764
hugo_alpha0p03,HUGO,0.03,0.4,40.0,1000,262144.0,1073.514,1073.514,0.004095130920410156,0.4095130920410156,104858.0,104858000,851868,852.3158000000001,0.008128285872322569,0.7793224952425571,26215.0,119.594,0.004562044630936487,10,0.01077952965776853
hugo_alpha0p03,HUGO,0.03,0.5,50.0,1000,262144.0,1073.514,1073.514,0.004095130920410156,0.4095130920410156,131072.0,131072000,935753,936.1997000000001,0.0071426368713378915,0.8610670530539242,26214.0,83.8839,0.0031999656672007325,10,0.008923490965394543
hugo_alpha0p05,HUGO,0.05,0.005,0.5,1000,262144.0,1908.791,1908.791,0.007281459808349609,0.728145980834961,1311.0,1311000,30844,31.3004,0.023875209763539282,0.015551922321300331,1311.0,31.3004,0.023875209763539282,10,0.0026784236944420326
hugo_alpha0p05,HUGO,0.05,0.01,1.0,1000,262144.0,1908.791,1908.791,0.007281459808349609,0.728145980834961,2621.0,2621000,61710,62.1499,0.023712285387256775,0.030895366699438473,1310.0,30.8495,0.023549236641221376,10,0.003726981260978117
hugo_alpha0p05,HUGO,0.05,0.02,2.0,1000,262144.0,1908.791,1908.791,0.007281459808349609,0.728145980834961,5243.0,5243000,122260,122.71569999999998,0.023405626549685296,0.06106431059521929,2622.0,60.5658,0.02309908466819222,10,0.005106348388814027
hugo_alpha0p05,HUGO,0.05,0.05,5.0,1000,262144.0,1908.791,1908.791,0.007281459808349609,0.728145980834961,13107.0,13107000,293674,294.12109999999996,0.02244000152590219,0.14676855736955918,7864.0,171.40540000000001,0.02179621057985758,10,0.00734737321204102
hugo_alpha0p05,HUGO,0.05,0.1,10.0,1000,262144.0,1908.791,1908.791,0.007281459808349609,0.728145980834961,26214.0,26214000,548199,548.6542,0.020929816128786142,0.2751302276077164,13107.0,254.5331,0.0194196307316701,10,0.009198302650975964
hugo_alpha0p05,HUGO,0.05,0.2,20.0,1000,262144.0,1908.791,1908.791,0.007281459808349609,0.728145980834961,52429.0,52429000,956618,957.0849000000001,0.01825487611817887,0.4844739110137418,26215.0,408.43069999999994,0.01558003814609956,10,0.010092030067344654
hugo_alpha0p05,HUGO,0.05,0.3,30.0,1000,262144.0,1908.791,1908.791,0.007281459808349609,0.728145980834961,78643.0,78643000,1257810,1258.2694,0.01599976348816805,0.6421829880491319,26214.0,301.1845,0.01148945220111391,10,0.009515096770643596
hugo_alpha0p05,HUGO,0.05,0.4,40.0,1000,262144.0,1908.791,1908.791,0.007281459808349609,0.728145980834961,104858.0,104858000,1477448,1477.9025,0.014094322798451239,0.7595351463049181,26215.0,219.6331,0.00837814609956132,10,0.008336975246245057
hugo_alpha0p05,HUGO,0.05,0.5,50.0,1000,262144.0,1908.791,1908.791,0.007281459808349609,0.728145980834961,131072.0,131072000,1635284,1635.7387,0.012479695892333985,0.8455145558605566,26214.0,157.83620000000002,0.0060210650797283905,10,0.006933927056465736
hugo_alpha0p1,HUGO,0.1,0.005,0.5,1000,262144.0,4197.458,4197.458,0.01601203155517578,1.601203155517578,1311.0,1311000,60219,60.6848,0.04628893974065599,0.01380038661102576,1311.0,60.6848,0.04628893974065599,10,0.0016683904887028133
hugo_alpha0p1,HUGO,0.1,0.01,1.0,1000,262144.0,4197.458,4197.458,0.01601203155517578,1.601203155517578,2621.0,2621000,120099,120.5276,0.045985349103395655,0.027420534689665203,1310.0,59.8428,0.04568152671755725,10,0.0023257338305875635
hugo_alpha0p1,HUGO,0.1,0.02,2.0,1000,262144.0,4197.458,4197.458,0.01601203155517578,1.601203155517578,5243.0,5243000,237643,238.11520000000002,0.04541583063131795,0.054209213175571605,2622.0,117.58760000000001,0.044846529366895496,10,0.0032241019703336034
hugo_alpha0p1,HUGO,0.1,0.05,5.0,1000,262144.0,4197.458,4197.458,0.01601203155517578,1.601203155517578,13107.0,13107000,575966,576.4182,0.04397788967727169,0.13149117195632742,7864.0,338.303,0.0430192014242116,10,0.004761228243330007
hugo_alpha0p1,HUGO,0.1,0.1,10.0,1000,262144.0,4197.458,4197.458,0.01601203155517578,1.601203155517578,26214.0,26214000,1089308,1089.7504,0.04157131303883421,0.2494875959985548,13107.0,513.3322000000001,0.039164736400396735,10,0.006009113782799439
hugo_alpha0p1,HUGO,0.1,0.2,20.0,1000,262144.0,4197.458,4197.458,0.01601203155517578,1.601203155517578,52429.0,52429000,1945105,1945.5464999999997,0.03710821301188274,0.44868957228891004,26215.0,855.7961,0.03264528323478925,10,0.006790013324426549
hugo_alpha0p1,HUGO,0.1,0.3,30.0,1000,262144.0,4197.458,4197.458,0.01601203155517578,1.601203155517578,78643.0,78643000,2607521,2607.9767,0.033162222956906524,0.6056278644422136,26214.0,662.4301999999999,0.025270092317082472,10,0.006527741911849053
hugo_alpha0p1,HUGO,0.1,0.4,40.0,1000,262144.0,4197.458,4197.458,0.01601203155517578,1.601203155517578,104858.0,104858000,3111889,3112.3555,0.029681621812355757,0.7272375702350654,26215.0,504.37880000000007,0.019240083921419036,10,0.005872728564425728
hugo_alpha0p1,HUGO,0.1,0.5,50.0,1000,262144.0,4197.458,4197.458,0.01601203155517578,1.601203155517578,131072.0,131072000,3488674,3489.1123,0.026619814300537108,0.8196747755608157,26214.0,376.7568,0.014372350652323184,10,0.0049941569624366074
hugo_alpha0p2,HUGO,0.2,0.005,0.5,1000,262144.0,9344.194,9344.194,0.03564527130126953,3.564527130126953,1311.0,1311000,114915,115.3589,0.087993058733791,0.011898020733167656,1311.0,115.3589,0.087993058733791,10,0.0010303589053439399
hugo_alpha0p2,HUGO,0.2,0.01,1.0,1000,262144.0,9344.194,9344.194,0.03564527130126953,3.564527130126953,2621.0,2621000,229271,229.71439999999998,0.08764380007630675,0.023696702617194264,1310.0,114.3555,0.0872942748091603,10,0.0014428365754321603
hugo_alpha0p2,HUGO,0.2,0.02,2.0,1000,262144.0,9344.194,9344.194,0.03564527130126953,3.564527130126953,5243.0,5243000,455484,455.9178,0.08695742895288958,0.04704694368176426,2622.0,226.2034,0.08627131960335623,10,0.001981031070530188
hugo_alpha0p2,HUGO,0.2,0.05,5.0,1000,262144.0,9344.194,9344.194,0.03564527130126953,3.564527130126953,13107.0,13107000,1112029,1112.4871,0.0848773250934615,0.11494284036707958,7864.0,656.5693,0.083490501017294,10,0.002952486200040899
hugo_alpha0p2,HUGO,0.2,0.1,10.0,1000,262144.0,9344.194,9344.194,0.03564527130126953,3.564527130126953,26214.0,26214000,2132886,2133.3421000000003,0.08138178454261083,0.22090786589618125,13107.0,1020.855,0.07788624399176013,10,0.0038074268331543567
hugo_alpha0p2,HUGO,0.2,0.2,20.0,1000,262144.0,9344.194,9344.194,0.03564527130126953,3.564527130126953,52429.0,52429000,3908979,3909.4270999999994,0.07456611989547769,0.4068151688904412,26215.0,1776.085,0.06775071523936677,10,0.004469195776418882
hugo_alpha0p2,HUGO,0.2,0.3,30.0,1000,262144.0,9344.194,9344.194,0.03564527130126953,3.564527130126953,78643.0,78643000,5360147,5360.6087,0.06816383784952254,0.5606313729854987,26214.0,1451.1816000000001,0.055359029526207366,10,0.004344120618782516
hugo_alpha0p2,HUGO,0.2,0.4,40.0,1000,262144.0,9344.194,9344.194,0.03564527130126953,3.564527130126953,104858.0,104858000,6524167,6524.6293000000005,0.06222347651109118,0.6856648389031537,26215.0,1164.0206,0.04440284569902727,10,0.004029746447402984
hugo_alpha0p2,HUGO,0.2,0.5,50.0,1000,262144.0,9344.194,9344.194,0.03564527130126953,3.564527130126953,131072.0,131072000,7437150,7437.6202,0.056744538879394534,0.7851171613331172,26214.0,912.9908999999999,0.03482837033646143,10,0.0035084062790947225
hugo_alpha0p5,HUGO,0.5,0.005,0.5,1000,262144.0,27836.594,27836.594,0.10618817901611328,10.618817901611328,1311.0,1311000,262979,263.4358,0.20094263920671243,0.009290995511971942,1311.0,263.4358,0.20094263920671243,10,0.0004964152385731139
hugo_alpha0p5,HUGO,0.5,0.01,1.0,1000,262144.0,27836.594,27836.594,0.10618817901611328,10.618817901611328,2621.0,2621000,524961,525.3982,0.20045715375810758,0.01853063185172408,1310.0,261.9624,0.19997129770992367,10,0.0006881442435189159
hugo_alpha0p5,HUGO,0.5,0.02,2.0,1000,262144.0,27836.594,27836.594,0.10618817901611328,10.618817901611328,5243.0,5243000,1045299,1045.7568,0.1994577150486363,0.03688636516503219,2622.0,520.3586,0.19845865751334862,10,0.0009645248728529389
hugo_alpha0p5,HUGO,0.5,0.05,5.0,1000,262144.0,27836.594,27836.594,0.10618817901611328,10.618817901611328,13107.0,13107000,2578301,2578.7549,0.19674638742656594,0.09098631649954166,7864.0,1532.9981,0.19493872075279756,10,0.001447402752318293
hugo_alpha0p5,HUGO,0.5,0.1,10.0,1000,262144.0,27836.594,27836.594,0.10618817901611328,10.618817901611328,26214.0,26214000,5036594,5037.0524,0.19215123216601815,0.1778234735821411,13107.0,2458.2975,0.18755607690547035,10,0.0018944469696706618
hugo_alpha0p5,HUGO,0.5,0.2,20.0,1000,262144.0,27836.594,27836.594,0.10618817901611328,10.618817901611328,52429.0,52429000,9583392,9583.8543,0.18279681664727537,0.33881375977657213,26215.0,4546.8019,0.1734427579629983,10,0.0023362050799146878
hugo_alpha0p5,HUGO,0.5,0.3,30.0,1000,262144.0,27836.594,27836.594,0.10618817901611328,10.618817901611328,78643.0,78643000,13624649,13625.108,0.17325264804241955,0.48249699889738473,26214.0,4041.2536999999998,0.15416394674601358,10,0.0024461026546866763
hugo_alpha0p5,HUGO,0.5,0.4,40.0,1000,262144.0,27836.594,27836.594,0.10618817901611328,10.618817901611328,104858.0,104858000,17155304,17155.7657,0.16360950714299338,0.6087064956704473,26215.0,3530.6577,0.13468082014114058,10,0.002376304850258168
hugo_alpha0p5,HUGO,0.5,0.5,50.0,1000,262144.0,27836.594,27836.594,0.10618817901611328,10.618817901611328,131072.0,131072000,20171537,20171.990400000002,0.15390007324218752,0.7172632054243652,26214.0,3016.2247,0.1150615968566415,10,0.002218015394114718
mipod_alpha0p001,MIPOD,0.001,0.005,0.5,1000,262144.0,16.725,16.725,6.380081176757813e-05,0.0063800811767578125,1311.0,1311000,1,0.14460000000000003,0.00011029748283752862,0.008500770502618776,1311.0,0.14460000000000003,0.00011029748283752862,10,0.01808770701902784
mipod_alpha0p001,MIPOD,0.001,0.01,1.0,1000,262144.0,16.725,16.725,6.380081176757813e-05,0.0063800811767578125,2621.0,2621000,22,0.28620000000000007,0.00010919496375429224,0.01683795533693008,1310.0,0.14160000000000003,0.00010809160305343513,10,0.028124548869344297
mipod_alpha0p001,MIPOD,0.001,0.02,2.0,1000,262144.0,16.725,16.725,6.380081176757813e-05,0.0063800811767578125,5243.0,5243000,149,0.5622999999999999,0.00010724775891665078,0.0330419907402381,2622.0,0.2761,0.00010530129672006102,10,0.04156866240216482
mipod_alpha0p001,MIPOD,0.001,0.05,5.0,1000,262144.0,16.725,16.725,6.380081176757813e-05,0.0063800811767578125,13107.0,13107000,892,1.3507,0.00010305180437933927,0.07924207679998414,7864.0,0.7884000000000001,0.00010025432349949135,10,0.06301145743678044
mipod_alpha0p001,MIPOD,0.001,0.1,10.0,1000,262144.0,16.725,16.725,6.380081176757813e-05,0.0063800811767578125,26214.0,26214000,2190,2.6339,0.00010047684443427177,0.15466342728446422,13107.0,1.2832000000000001,9.790188448920425e-05,10,0.08436956372716374
mipod_alpha0p001,MIPOD,0.001,0.2,20.0,1000,262144.0,16.725,16.725,6.380081176757813e-05,0.0063800811767578125,52429.0,52429000,4632,5.0678,9.66602452840985e-05,0.29837764099943037,26215.0,2.4339,9.28437917222964e-05,10,0.1011666218430461
mipod_alpha0p001,MIPOD,0.001,0.3,30.0,1000,262144.0,16.725,16.725,6.380081176757813e-05,0.0063800811767578125,78643.0,78643000,6817,7.2615,9.233498213445571e-05,0.4284034434281425,26214.0,2.1936999999999998,8.368429083695736e-05,10,0.10685364719723683
mipod_alpha0p001,MIPOD,0.001,0.4,40.0,1000,262144.0,16.725,16.725,6.380081176757813e-05,0.0063800811767578125,104858.0,104858000,8779,9.2307,8.803047931488299e-05,0.5454344757972659,26215.0,1.9691999999999998,7.511729925615107e-05,10,0.10547874847518988
mipod_alpha0p001,MIPOD,0.001,0.5,50.0,1000,262144.0,16.725,16.725,6.380081176757813e-05,0.0063800811767578125,131072.0,131072000,10555,10.9994,8.391876220703125e-05,0.6513804955630892,26214.0,1.7687,6.747158007171742e-05,10,0.09937401421003822
mipod_alpha0p0025,MIPOD,0.0025,0.005,0.5,1000,262144.0,46.454,46.454,0.00017720794677734375,0.017720794677734374,1311.0,1311000,47,0.38880000000000003,0.0002965675057208238,0.008197496020771404,1311.0,0.38880000000000003,0.0002965675057208238,10,0.0121434773257168
mipod_alpha0p0025,MIPOD,0.0025,0.01,1.0,1000,262144.0,46.454,46.454,0.00017720794677734375,0.017720794677734374,2621.0,2621000,295,0.7713,0.000294276993513926,0.016258196903379613,1310.0,0.3825,0.0002919847328244275,10,0.017382876933936683
mipod_alpha0p0025,MIPOD,0.0025,0.02,2.0,1000,262144.0,46.454,46.454,0.00017720794677734375,0.017720794677734374,5243.0,5243000,1092,1.5345,0.0002926759488842266,0.03233374441090277,2622.0,0.7632000000000001,0.0002910755148741419,10,0.024350569747664613
mipod_alpha0p0025,MIPOD,0.0025,0.05,5.0,1000,262144.0,46.454,46.454,0.00017720794677734375,0.017720794677734374,13107.0,13107000,3364,3.7874,0.00028896009765774013,0.07986067391004584,7864.0,2.2528999999999995,0.00028648270600203457,10,0.036801278175010735
mipod_alpha0p0025,MIPOD,0.0025,0.1,10.0,1000,262144.0,46.454,46.454,0.00017720794677734375,0.017720794677734374,26214.0,26214000,6944,7.4001,0.00028229571984435796,0.1563317284445409,13107.0,3.6127,0.00027563134203097584,10,0.0489185722764181
mipod_alpha0p0025,MIPOD,0.0025,0.2,20.0,1000,262144.0,46.454,46.454,0.00017720794677734375,0.017720794677734374,52429.0,52429000,13686,14.133700000000001,0.00026957790535772185,0.29945766863887424,26215.0,6.7336,0.0002568605760061034,10,0.05933968111903503
mipod_alpha0p0025,MIPOD,0.0025,0.3,30.0,1000,262144.0,46.454,46.454,0.00017720794677734375,0.017720794677734374,78643.0,78643000,19787,20.232800000000005,0.0002572740104014343,0.42983610387221244,26214.0,6.0991,0.00023266575112535287,10,0.06262713697358427
mipod_alpha0p0025,MIPOD,0.0025,0.4,40.0,1000,262144.0,46.454,46.454,0.00017720794677734375,0.017720794677734374,104858.0,104858000,25243,25.7055,0.0002451458162467337,0.5471608969014226,26215.0,5.4727,0.00020876215906923516,10,0.06218343852412342
mipod_alpha0p0025,MIPOD,0.0025,0.5,50.0,1000,262144.0,46.454,46.454,0.00017720794677734375,0.017720794677734374,131072.0,131072000,30157,30.6107,0.00023354110717773439,0.6530204456486549,26214.0,4.9052,0.00018712138551918821,10,0.05876919563926872
mipod_alpha0p005,MIPOD,0.005,0.005,0.5,1000,262144.0,101.418,101.418,0.0003868789672851563,0.03868789672851562,1311.0,1311000,350,0.8271000000000001,0.0006308924485125858,0.00796520322997185,1311.0,0.8271000000000001,0.0006308924485125858,10,0.008294307948796863
mipod_alpha0p005,MIPOD,0.005,0.01,1.0,1000,262144.0,101.418,101.418,0.0003868789672851563,0.03868789672851562,2621.0,2621000,1227,1.6713999999999998,0.0006376955360549408,0.016124728813063285,1310.0,0.8442999999999999,0.0006445038167938931,10,0.01189644335687842
mipod_alpha0p005,MIPOD,0.005,0.02,2.0,1000,262144.0,101.418,101.418,0.0003868789672851563,0.03868789672851562,5243.0,5243000,2928,3.3642,0.0006416555407209614,0.032473377536892556,2622.0,1.6928,0.0006456140350877193,10,0.01668155045406512
mipod_alpha0p005,MIPOD,0.005,0.05,5.0,1000,262144.0,101.418,101.418,0.0003868789672851563,0.03868789672851562,13107.0,13107000,7817,8.2579,0.0006300373846036468,0.07970823295002051,7864.0,4.8937,0.000622291454730417,10,0.025148437530864404
mipod_alpha0p005,MIPOD,0.005,0.1,10.0,1000,262144.0,101.418,101.418,0.0003868789672851563,0.03868789672851562,26214.0,26214000,15696,16.1549,0.0006162699320973526,0.15605350440859547,13107.0,7.897,0.0006025024795910583,10,0.03326354110981616
mipod_alpha0p005,MIPOD,0.005,0.2,20.0,1000,262144.0,101.418,101.418,0.0003868789672851563,0.03868789672851562,52429.0,52429000,30353,30.8054,0.0005875641343531253,0.2984443713149524,26215.0,14.6505,0.0005588594316231166,10,0.04059430613852508
mipod_alpha0p005,MIPOD,0.005,0.3,30.0,1000,262144.0,101.418,101.418,0.0003868789672851563,0.03868789672851562,78643.0,78643000,43587,44.0394,0.0005599913533308749,0.4277637624481177,26214.0,13.234,0.0005048447394522011,10,0.042475723718752766
mipod_alpha0p005,MIPOD,0.005,0.4,40.0,1000,262144.0,101.418,101.418,0.0003868789672851563,0.03868789672851562,104858.0,104858000,55576,56.020399999999995,0.0005342501287455417,0.5454618583237058,26215.0,11.981,0.00045702841884417316,10,0.04220655974870087
mipod_alpha0p005,MIPOD,0.005,0.5,50.0,1000,262144.0,101.418,101.418,0.0003868789672851563,0.03868789672851562,131072.0,131072000,66239,66.6931,0.0005088279724121094,0.6509569006540173,26214.0,10.6727,0.00040713740749217977,10,0.03967398236951593
mipod_alpha0p01,MIPOD,0.01,0.005,0.5,1000,262144.0,223.692,223.692,0.0008533172607421875,0.08533172607421875,1311.0,1311000,1399,1.8531,0.0014135011441647595,0.008069590776764012,1311.0,1.8531,0.0014135011441647595,10,0.005552468845112529
mipod_alpha0p01,MIPOD,0.01,0.01,1.0,1000,262144.0,223.692,223.692,0.0008533172607421875,0.08533172607421875,2621.0,2621000,3270,3.7247,0.001421098817245326,0.016224350336006884,1310.0,1.8716,0.0014287022900763358,10,0.007804483521979751
mipod_alpha0p01,MIPOD,0.01,0.02,2.0,1000,262144.0,223.692,223.692,0.0008533172607421875,0.08533172607421875,5243.0,5243000,6942,7.388199999999999,0.0014091550638947168,0.032180215185326586,2622.0,3.6635,0.001397215865751335,10,0.0110810087926095
mipod_alpha0p01,MIPOD,0.01,0.05,5.0,1000,262144.0,223.692,223.692,0.0008533172607421875,0.08533172607421875,13107.0,13107000,17766,18.2264,0.0013905851834897385,0.07948598084249951,7864.0,10.8382,0.001378204476093591,10,0.016813330284844268
mipod_alpha0p01,MIPOD,0.01,0.1,10.0,1000,262144.0,223.692,223.692,0.0008533172607421875,0.08533172607421875,26214.0,26214000,35238,35.6923,0.0013615739681086443,0.15585836707604972,13107.0,17.4659,0.00133256275272755,10,0.02208568439018892
mipod_alpha0p01,MIPOD,0.01,0.2,20.0,1000,262144.0,223.692,223.692,0.0008533172607421875,0.08533172607421875,52429.0,52429000,67650,68.09060000000001,0.0012987201739495318,0.2982229248968267,26215.0,32.398300000000006,0.001235868777417509,10,0.027330266573506033
mipod_alpha0p01,MIPOD,0.01,0.3,30.0,1000,262144.0,223.692,223.692,0.0008533172607421875,0.08533172607421875,78643.0,78643000,96988,97.44330000000001,0.0012390587846343604,0.42804945442496184,26214.0,29.3527,0.0011197337300679028,10,0.02869585515532333
mipod_alpha0p01,MIPOD,0.01,0.4,40.0,1000,262144.0,223.692,223.692,0.0008533172607421875,0.08533172607421875,104858.0,104858000,123324,123.77669999999999,0.0011804220946422784,0.5453167088066091,26215.0,26.3334,0.0010045164981880603,10,0.028214086413151516
mipod_alpha0p01,MIPOD,0.01,0.5,50.0,1000,262144.0,223.692,223.692,0.0008533172607421875,0.08533172607421875,131072.0,131072000,146766,147.21890000000002,0.0011231910705566408,0.6504031233680162,26214.0,23.4422,0.0008942626077668423,10,0.02650826769908471
mipod_alpha0p02,MIPOD,0.02,0.005,0.5,1000,262144.0,495.255,495.255,0.0018892478942871094,0.18892478942871094,1311.0,1311000,3640,4.0849,0.0031158657513348596,0.008017319097835051,1311.0,4.0849,0.0031158657513348596,10,0.0037983795643748795
mipod_alpha0p02,MIPOD,0.02,0.01,1.0,1000,262144.0,495.255,495.255,0.0018892478942871094,0.18892478942871094,2621.0,2621000,7723,8.172600000000001,0.0031181228538725674,0.016047127280333903,1310.0,4.0877,0.0031203816793893132,10,0.005315185950267713
mipod_alpha0p02,MIPOD,0.02,0.02,2.0,1000,262144.0,495.255,495.255,0.0018892478942871094,0.18892478942871094,5243.0,5243000,15873,16.3167,0.0031120923135609384,0.03203443350481777,2622.0,8.1441,0.0031060640732265446,10,0.007477564858626433
mipod_alpha0p02,MIPOD,0.02,0.05,5.0,1000,262144.0,495.255,495.255,0.0018892478942871094,0.18892478942871094,13107.0,13107000,39784,40.23760000000001,0.0030699320973525597,0.07908090207882623,7864.0,23.920900000000003,0.003041823499491353,10,0.011203924137601113
mipod_alpha0p02,MIPOD,0.02,0.1,10.0,1000,262144.0,495.255,495.255,0.0018892478942871094,0.18892478942871094,26214.0,26214000,78385,78.8296,0.0030071564812695507,0.15516330153897398,13107.0,38.592,0.0029443808651865412,10,0.014722612142733533
mipod_alpha0p02,MIPOD,0.02,0.2,20.0,1000,262144.0,495.255,495.255,0.0018892478942871094,0.18892478942871094,52429.0,52429000,150024,150.4589,0.0028697648248106966,0.29712887395865956,26215.0,71.6293,0.0027323784093076483,10,0.01824180805767884
mipod_alpha0p02,MIPOD,0.02,0.3,30.0,1000,262144.0,495.255,495.255,0.0018892478942871094,0.18892478942871094,78643.0,78643000,214765,215.2032,0.0027364571544829168,0.42638370158930433,26214.0,64.7443,0.0024698367284657053,10,0.01934477120326969
mipod_alpha0p02,MIPOD,0.02,0.4,40.0,1000,262144.0,495.255,495.255,0.0018892478942871094,0.18892478942871094,104858.0,104858000,273085,273.52419999999995,0.002608520093841195,0.543657044637041,26215.0,58.321,0.0022247186725157355,10,0.018968612723787026
mipod_alpha0p02,MIPOD,0.02,0.5,50.0,1000,262144.0,495.255,495.255,0.0018892478942871094,0.18892478942871094,131072.0,131072000,325248,325.689,0.0024848098754882814,0.6493202011063979,26214.0,52.1648,0.001989959563591974,10,0.017871228241814315
mipod_alpha0p03,MIPOD,0.03,0.005,0.5,1000,262144.0,792.89,792.89,0.003024635314941406,0.3024635314941406,1311.0,1311000,6127,6.569799999999999,0.005011289092295957,0.00803125703821253,1311.0,6.569799999999999,0.005011289092295957,10,0.0030076861031001103
mipod_alpha0p03,MIPOD,0.03,0.01,1.0,1000,262144.0,792.89,792.89,0.003024635314941406,0.3024635314941406,2621.0,2621000,12645,13.099599999999999,0.004997939717665012,0.01601833498308981,1310.0,6.529799999999999,0.004984580152671756,10,0.004189533811788776
mipod_alpha0p03,MIPOD,0.03,0.02,2.0,1000,262144.0,792.89,792.89,0.003024635314941406,0.3024635314941406,5243.0,5243000,25643,26.0936,0.004976845317566279,0.0319154760664627,2622.0,12.994,0.004955758962623951,10,0.00586946484009971
mipod_alpha0p03,MIPOD,0.03,0.05,5.0,1000,262144.0,792.89,792.89,0.003024635314941406,0.3024635314941406,13107.0,13107000,63896,64.3587,0.00491025406271458,0.0788092627428555,7864.0,38.2651,0.0048658570701932856,10,0.008873110638670646
mipod_alpha0p03,MIPOD,0.03,0.1,10.0,1000,262144.0,792.89,792.89,0.003024635314941406,0.3024635314941406,26214.0,26214000,125551,125.9994,0.004806569008926528,0.15454880020749395,13107.0,61.640699999999995,0.004702883955138476,10,0.011568516597353199
mipod_alpha0p03,MIPOD,0.03,0.2,20.0,1000,262144.0,792.89,792.89,0.003024635314941406,0.3024635314941406,52429.0,52429000,240283,240.7208,0.004591367373018749,0.2963523841355552,26215.0,114.72139999999999,0.004376173946213999,10,0.01420114922744543
mipod_alpha0p03,MIPOD,0.03,0.3,30.0,1000,262144.0,792.89,792.89,0.003024635314941406,0.3024635314941406,78643.0,78643000,344185,344.6216,0.004382101394911181,0.425801969500566,26214.0,103.9008,0.003963561455710689,10,0.01489793015225143
mipod_alpha0p03,MIPOD,0.03,0.4,40.0,1000,262144.0,792.89,792.89,0.003024635314941406,0.3024635314941406,104858.0,104858000,437500,437.96469999999994,0.004176740925823495,0.5430117052422115,26215.0,93.3431,0.0035606751859622358,10,0.014750477569485389
mipod_alpha0p03,MIPOD,0.03,0.5,50.0,1000,262144.0,792.89,792.89,0.003024635314941406,0.3024635314941406,131072.0,131072000,520813,521.2579,0.003976882171630859,0.6484401204627375,26214.0,83.2932,0.0031774319066147864,10,0.014059230351825604
mipod_alpha0p05,MIPOD,0.05,0.005,0.5,1000,262144.0,1446.233,1446.233,0.00551694107055664,0.551694107055664,1311.0,1311000,11533,11.987,0.009143401983218918,0.008016262918696105,1311.0,11.987,0.009143401983218918,10,0.002233659160664179
mipod_alpha0p05,MIPOD,0.05,0.01,1.0,1000,262144.0,1446.233,1446.233,0.00551694107055664,0.551694107055664,2621.0,2621000,23455,23.9045,0.009120373903090425,0.01598401940891753,1310.0,11.9175,0.009097328244274809,10,0.0031481697404294393
mipod_alpha0p05,MIPOD,0.05,0.02,2.0,1000,262144.0,1446.233,1446.233,0.00551694107055664,0.551694107055664,5243.0,5243000,47206,47.6293,0.009084360099179858,0.031856648968352795,2622.0,23.7248,0.00904836003051106,10,0.004339480989725299
mipod_alpha0p05,MIPOD,0.05,0.05,5.0,1000,262144.0,1446.233,1446.233,0.00551694107055664,0.551694107055664,13107.0,13107000,116956,117.4025,0.00895723659113451,0.07861480754443086,7864.0,69.77320000000002,0.008872482197355034,10,0.006582781593512816
mipod_alpha0p05,MIPOD,0.05,0.1,10.0,1000,262144.0,1446.233,1446.233,0.00551694107055664,0.551694107055664,26214.0,26214000,229479,229.9327,0.008771370260166325,0.15422334598550796,13107.0,112.5302,0.008585503929198138,10,0.008650592330683498
mipod_alpha0p05,MIPOD,0.05,0.2,20.0,1000,262144.0,1446.233,1446.233,0.00551694107055664,0.551694107055664,52429.0,52429000,438635,439.08560000000006,0.008374861240916288,0.2957127146419416,26215.0,209.1529,0.007978367346938775,10,0.010603240204806906
mipod_alpha0p05,MIPOD,0.05,0.3,30.0,1000,262144.0,1446.233,1446.233,0.00551694107055664,0.551694107055664,78643.0,78643000,627593,628.0418000000001,0.007985984766603511,0.42467623649308206,26214.0,188.95620000000002,0.007208216983291371,10,0.011331744591901689
mipod_alpha0p05,MIPOD,0.05,0.4,40.0,1000,262144.0,1446.233,1446.233,0.00551694107055664,0.551694107055664,104858.0,104858000,798116,798.555,0.007615584886227088,0.5420500850694085,26215.0,170.5132,0.006504413503719246,10,0.011055938046474529
mipod_alpha0p05,MIPOD,0.05,0.5,50.0,1000,262144.0,1446.233,1446.233,0.00551694107055664,0.551694107055664,131072.0,131072000,950063,950.5127,0.007251836395263672,0.6475580950655055,26214.0,151.95770000000002,0.005796814679179065,10,0.010515326002893968
mipod_alpha0p1,MIPOD,0.1,0.005,0.5,1000,262144.0,3326.383,3326.383,0.012689144134521484,1.2689144134521484,1311.0,1311000,26830,27.2978,0.020822120518688023,0.007898186697719852,1311.0,27.2978,0.020822120518688023,10,0.0014280150521592161
mipod_alpha0p1,MIPOD,0.1,0.01,1.0,1000,262144.0,3326.383,3326.383,0.012689144134521484,1.2689144134521484,2621.0,2621000,54037,54.476099999999995,0.020784471575734452,0.015765665456838905,1310.0,27.178300000000004,0.02074679389312977,10,0.002010044945233575
mipod_alpha0p1,MIPOD,0.1,0.02,2.0,1000,262144.0,3326.383,3326.383,0.012689144134521484,1.2689144134521484,5243.0,5243000,108228,108.6708,0.020726835781041387,0.03146272025979384,2622.0,54.1947,0.020669221967963385,10,0.0028057222615339218
mipod_alpha0p1,MIPOD,0.1,0.05,5.0,1000,262144.0,3326.383,3326.383,0.012689144134521484,1.2689144134521484,13107.0,13107000,268196,268.63169999999997,0.02049528496223392,0.07786613809874195,7864.0,159.96089999999998,0.020340907934893186,10,0.004259177330917929
mipod_alpha0p1,MIPOD,0.1,0.1,10.0,1000,262144.0,3326.383,3326.383,0.012689144134521484,1.2689144134521484,26214.0,26214000,525561,526.0088000000001,0.02006594949263752,0.15278117739397842,13107.0,257.3771,0.019636614023041125,10,0.005622687446099237
mipod_alpha0p1,MIPOD,0.1,0.2,20.0,1000,262144.0,3326.383,3326.383,0.012689144134521484,1.2689144134521484,52429.0,52429000,1005415,1005.8682,0.019185340174331003,0.2935237991492552,26215.0,479.85940000000005,0.01830476444783521,10,0.006880763611029595
mipod_alpha0p1,MIPOD,0.1,0.3,30.0,1000,262144.0,3326.383,3326.383,0.012689144134521484,1.2689144134521484,78643.0,78643000,1440078,1440.531,0.018317345472578617,0.42227474203339327,26214.0,434.6628,0.016581322957198445,10,0.007336286460114841
mipod_alpha0p1,MIPOD,0.1,0.4,40.0,1000,262144.0,3326.383,3326.383,0.012689144134521484,1.2689144134521484,104858.0,104858000,1831763,1832.2073,0.017473223788361403,0.539396947311412,26215.0,391.67629999999997,0.014940923135609385,10,0.007338254892732594
mipod_alpha0p1,MIPOD,0.1,0.5,50.0,1000,262144.0,3326.383,3326.383,0.012689144134521484,1.2689144134521484,131072.0,131072000,2182530,2182.9977,0.016654950714111327,0.6452934128269262,26214.0,350.79040000000003,0.013381795986877243,10,0.006937688305946661
mipod_alpha0p2,MIPOD,0.2,0.005,0.5,1000,262144.0,7861.506,7861.506,0.029989265441894532,2.998926544189453,1311.0,1311000,63208,63.657300000000006,0.04855629290617849,0.007763619713219072,1311.0,63.657300000000006,0.04855629290617849,10,0.000920034656673491
mipod_alpha0p2,MIPOD,0.2,0.01,1.0,1000,262144.0,7861.506,7861.506,0.029989265441894532,2.998926544189453,2621.0,2621000,126642,127.08529999999999,0.04848733307897749,0.015502940240423878,1310.0,63.42799999999999,0.04841832061068702,10,0.0012852348032228666
mipod_alpha0p2,MIPOD,0.2,0.02,2.0,1000,262144.0,7861.506,7861.506,0.029989265441894532,2.998926544189453,5243.0,5243000,252896,253.34890000000001,0.04832136181575434,0.030917440806744523,2622.0,126.26360000000001,0.04815545385202135,10,0.0018052726605575634
mipod_alpha0p2,MIPOD,0.2,0.05,5.0,1000,262144.0,7861.506,7861.506,0.029989265441894532,2.998926544189453,13107.0,13107000,625553,626.0065999999998,0.047761242084382385,0.0764781433220393,7864.0,372.6577,0.04738780518819939,10,0.002728257837596149
mipod_alpha0p2,MIPOD,0.2,0.1,10.0,1000,262144.0,7861.506,7861.506,0.029989265441894532,2.998926544189453,26214.0,26214000,1227148,1227.5987,0.046829888609140155,0.15029894788551426,13107.0,601.5921000000001,0.04589853513389792,10,0.0036200944110132073
mipod_alpha0p2,MIPOD,0.2,0.2,20.0,1000,262144.0,7861.506,7861.506,0.029989265441894532,2.998926544189453,52429.0,52429000,2352966,2353.4118,0.044887596559156195,0.2895667074503245,26215.0,1125.8131,0.04294537860003815,10,0.004491020796448877
mipod_alpha0p2,MIPOD,0.2,0.3,30.0,1000,262144.0,7861.506,7861.506,0.029989265441894532,2.998926544189453,78643.0,78643000,3378429,3378.8765000000003,0.04296474574978065,0.41780114826108605,26214.0,1025.4647,0.03911897077897307,10,0.004734958737116612
mipod_alpha0p2,MIPOD,0.2,0.4,40.0,1000,262144.0,7861.506,7861.506,0.029989265441894532,2.998926544189453,104858.0,104858000,4306554,4306.9936,0.04107453508554426,0.5350562266389505,26215.0,928.1171,0.035404047301163456,10,0.00476742830871246
mipod_alpha0p2,MIPOD,0.2,0.5,50.0,1000,262144.0,7861.506,7861.506,0.029989265441894532,2.998926544189453,131072.0,131072000,5139381,5139.821400000001,0.039213725280761724,0.6413842174739919,26214.0,832.8278,0.03177034409094377,10,0.004505205484585277
mipod_alpha0p5,MIPOD,0.5,0.005,0.5,1000,262144.0,26096.843,26096.843,0.09955155563354492,9.955155563354491,1311.0,1311000,196518,196.97340000000003,0.15024668192219678,0.007296868481614012,1311.0,196.97340000000003,0.15024668192219678,10,0.000469139038583581
mipod_alpha0p5,MIPOD,0.5,0.01,1.0,1000,262144.0,26096.843,26096.843,0.09955155563354492,9.955155563354491,2621.0,2621000,392888,393.344,0.15007401755055325,0.014569851137820835,1310.0,196.3706,0.1499012213740458,10,0.0006626977784419426
mipod_alpha0p5,MIPOD,0.5,0.02,2.0,1000,262144.0,26096.843,26096.843,0.09955155563354492,9.955155563354491,5243.0,5243000,784609,785.0572999999999,0.14973436963570474,0.029086893196211272,2622.0,391.7133,0.14939485125858123,10,0.0009148275221202391
mipod_alpha0p5,MIPOD,0.5,0.05,5.0,1000,262144.0,26096.843,26096.843,0.09955155563354492,9.955155563354491,13107.0,13107000,1945896,1946.3394,0.14849617761501485,0.07216256960748302,7864.0,1161.2821000000001,0.14767066378433366,10,0.0013970410358450924
mipod_alpha0p5,MIPOD,0.5,0.1,10.0,1000,262144.0,26096.843,26096.843,0.09955155563354492,9.955155563354491,26214.0,26214000,3836702,3837.169,0.1463786144808118,0.14242828325990162,13107.0,1890.8296,0.1442610513466087,10,0.0018512979825955336
mipod_alpha0p5,MIPOD,0.5,0.2,20.0,1000,262144.0,26096.843,26096.843,0.09955155563354492,9.955155563354491,52429.0,52429000,7441974,7442.414700000001,0.14195225352381313,0.2769879093162151,26215.0,3605.2457000000004,0.1375260614152203,10,0.0023408047017684196
mipod_alpha0p5,MIPOD,0.5,0.3,30.0,1000,262144.0,26096.843,26096.843,0.09955155563354492,9.955155563354491,78643.0,78643000,10798078,10798.5305,0.13731076510306064,0.40309853967635506,26214.0,3356.1158,0.12802761120012207,10,0.002512981902275505
mipod_alpha0p5,MIPOD,0.5,0.4,40.0,1000,262144.0,26096.843,26096.843,0.09955155563354492,9.955155563354491,104858.0,104858000,13892468,13892.935599999997,0.13249285319193574,0.5203194856314791,26215.0,3094.4051,0.11803948502765593,10,0.0025456432651699908
mipod_alpha0p5,MIPOD,0.5,0.5,50.0,1000,262144.0,26096.843,26096.843,0.09955155563354492,9.955155563354491,131072.0,131072000,16711784,16712.2314,0.12750420684814454,0.6281390429338942,26214.0,2819.2958,0.10754924086366065,10,0.0024141096965575237
suniward_alpha0p001,SUNIWARD,0.001,0.005,0.5,1000,262144.0,19.823,19.823,7.561874389648438e-05,0.007561874389648437,1311.0,1311000,42,0.28870000000000007,0.0002202135774218154,0.013606369892559074,1311.0,0.28870000000000007,0.0002202135774218154,10,0.02226334576965321
suniward_alpha0p001,SUNIWARD,0.001,0.01,1.0,1000,262144.0,19.823,19.823,7.561874389648438e-05,0.007561874389648437,2621.0,2621000,200,0.586,0.00022357878672262495,0.02761923433946347,1310.0,0.29729999999999995,0.00022694656488549616,10,0.03368806229612732
suniward_alpha0p001,SUNIWARD,0.001,0.02,2.0,1000,262144.0,19.823,19.823,7.561874389648438e-05,0.007561874389648437,5243.0,5243000,711,1.1708000000000003,0.00022330726683196642,0.05529404505733599,2622.0,0.5848,0.0002230358504958047,10,0.047419736114768914
suniward_alpha0p001,SUNIWARD,0.001,0.05,5.0,1000,262144.0,19.823,19.823,7.561874389648438e-05,0.007561874389648437,13107.0,13107000,2316,2.7699000000000003,0.0002113298237582971,0.13173132630550033,7864.0,1.5991,0.0002033443540183113,10,0.0692781183602281
suniward_alpha0p001,SUNIWARD,0.001,0.1,10.0,1000,262144.0,19.823,19.823,7.561874389648438e-05,0.007561874389648437,26214.0,26214000,4647,5.0931999999999995,0.00019429312581063554,0.24390448176728666,13107.0,2.3233,0.00017725642786297399,10,0.08611423972871836
suniward_alpha0p001,SUNIWARD,0.001,0.2,20.0,1000,262144.0,19.823,19.823,7.561874389648438e-05,0.007561874389648437,52429.0,52429000,8385,8.834299999999999,0.0001685002574910832,0.42831669671826594,26215.0,3.7411000000000003,0.00014270837306885374,10,0.09486403133700341
suniward_alpha0p001,SUNIWARD,0.001,0.3,30.0,1000,262144.0,19.823,19.823,7.561874389648438e-05,0.007561874389648437,78643.0,78643000,11169,11.6255,0.0001478262528133464,0.5689516009400172,26214.0,2.7912,0.00010647745479514765,10,0.09406712693020004
suniward_alpha0p001,SUNIWARD,0.001,0.4,40.0,1000,262144.0,19.823,19.823,7.561874389648438e-05,0.007561874389648437,104858.0,104858000,13365,13.804400000000001,0.00013164851513475367,0.6805508373818373,26215.0,2.1789,8.311653633415985e-05,10,0.08681587283316523
suniward_alpha0p001,SUNIWARD,0.001,0.5,50.0,1000,262144.0,19.823,19.823,7.561874389648438e-05,0.007561874389648437,131072.0,131072000,15071,15.523399999999999,0.00011843414306640624,0.7699017747319099,26214.0,1.719,6.557564660105287e-05,10,0.07725270242002039
suniward_alpha0p0025,SUNIWARD,0.0025,0.005,0.5,1000,262144.0,53.937,53.937,0.00020575332641601562,0.020575332641601562,1311.0,1311000,334,0.7476,0.0005702517162471396,0.013093429650929916,1311.0,0.7476,0.0005702517162471396,10,0.01410674530823256
suniward_alpha0p0025,SUNIWARD,0.0025,0.01,1.0,1000,262144.0,53.937,53.937,0.00020575332641601562,0.020575332641601562,2621.0,2621000,1034,1.5026,0.0005732926363983212,0.026346096066534565,1310.0,0.755,0.0005763358778625953,10,0.019971944520534735
suniward_alpha0p0025,SUNIWARD,0.0025,0.02,2.0,1000,262144.0,53.937,53.937,0.00020575332641601562,0.020575332641601562,5243.0,5243000,2499,2.9658,0.0005656685103948122,0.0520866704048863,2622.0,1.4632,0.0005580472921434019,10,0.028072391915378633
suniward_alpha0p0025,SUNIWARD,0.0025,0.05,5.0,1000,262144.0,53.937,53.937,0.00020575332641601562,0.020575332641601562,13107.0,13107000,6672,7.1212,0.0005433127336537727,0.12537452260437668,7864.0,4.155399999999999,0.0005284079348931841,10,0.040754453868809236
suniward_alpha0p0025,SUNIWARD,0.0025,0.1,10.0,1000,262144.0,53.937,53.937,0.00020575332641601562,0.020575332641601562,26214.0,26214000,12776,13.2201,0.000504314488441291,0.23415083890855634,13107.0,6.0988999999999995,0.00046531624322880907,10,0.05112330377048811
suniward_alpha0p0025,SUNIWARD,0.0025,0.2,20.0,1000,262144.0,53.937,53.937,0.00020575332641601562,0.020575332641601562,52429.0,52429000,22673,23.1238,0.00044104980068282825,0.4135848275962537,26215.0,9.903699999999999,0.0003777875262254434,10,0.05839263963810212
suniward_alpha0p0025,SUNIWARD,0.0025,0.3,30.0,1000,262144.0,53.937,53.937,0.00020575332641601562,0.020575332641601562,78643.0,78643000,30306,30.7722,0.00039128975242551785,0.5548752927049251,26214.0,7.6484,0.0002917677576867322,10,0.057037628204727006
suniward_alpha0p0025,SUNIWARD,0.0025,0.4,40.0,1000,262144.0,53.937,53.937,0.00020575332641601562,0.020575332641601562,104858.0,104858000,36419,36.867,0.00035158976902096174,0.669281463754018,26215.0,6.0948,0.00023249284760633226,10,0.052555000081481784
suniward_alpha0p0025,SUNIWARD,0.0025,0.5,50.0,1000,262144.0,53.937,53.937,0.00020575332641601562,0.020575332641601562,131072.0,131072000,41236,41.689800000000005,0.0003180679321289063,0.7609756106041694,26214.0,4.8228,0.00018397802700846876,10,0.047006973453838356
suniward_alpha0p005,SUNIWARD,0.005,0.005,0.5,1000,262144.0,115.952,115.952,0.00044232177734375,0.044232177734375,1311.0,1311000,1117,1.5667,0.0011950419527078566,0.012788439363926232,1311.0,1.5667,0.0011950419527078566,10,0.009703565704808839
suniward_alpha0p005,SUNIWARD,0.005,0.01,1.0,1000,262144.0,115.952,115.952,0.00044232177734375,0.044232177734375,2621.0,2621000,2668,3.1161,0.0011888973674170163,0.025434968228299725,1310.0,1.5494,0.0011827480916030532,10,0.013492425931812256
suniward_alpha0p005,SUNIWARD,0.005,0.02,2.0,1000,262144.0,115.952,115.952,0.00044232177734375,0.044232177734375,5243.0,5243000,5651,6.0951,0.0011625214571810033,0.04984495134772543,2622.0,2.979,0.0011361556064073226,10,0.018533688365833315
suniward_alpha0p005,SUNIWARD,0.005,0.05,5.0,1000,262144.0,115.952,115.952,0.00044232177734375,0.044232177734375,13107.0,13107000,14123,14.576,0.0011120775158312353,0.11960818163434246,7864.0,8.4809,0.0010784460834181078,10,0.027897142467592183
suniward_alpha0p005,SUNIWARD,0.005,0.1,10.0,1000,262144.0,115.952,115.952,0.00044232177734375,0.044232177734375,26214.0,26214000,26874,27.3293,0.0010425459678034639,0.2254260796514946,13107.0,12.7533,0.0009730144197756924,10,0.03490639024056911
suniward_alpha0p005,SUNIWARD,0.005,0.2,20.0,1000,262144.0,115.952,115.952,0.00044232177734375,0.044232177734375,52429.0,52429000,47717,48.178,0.0009189189189189189,0.4011733246401399,26215.0,20.8487,0.0007952965859240892,10,0.03998567419739062
suniward_alpha0p005,SUNIWARD,0.005,0.3,30.0,1000,262144.0,115.952,115.952,0.00044232177734375,0.044232177734375,78643.0,78643000,64163,64.6003,0.0008214373815851379,0.5421623886663623,26214.0,16.422300000000003,0.0006264705882352941,10,0.03931349642737092
suniward_alpha0p005,SUNIWARD,0.005,0.4,40.0,1000,262144.0,115.952,115.952,0.00044232177734375,0.044232177734375,104858.0,104858000,77307,77.7416,0.0007413988441511378,0.6566337544053442,26215.0,13.1413,0.0005012893381651727,10,0.036575975125326995
suniward_alpha0p005,SUNIWARD,0.005,0.5,50.0,1000,262144.0,115.952,115.952,0.00044232177734375,0.044232177734375,131072.0,131072000,87884,88.3326,0.0006739242553710937,0.7500581750161082,26214.0,10.591,0.0004040207522697795,10,0.03296820553505777
suniward_alpha0p01,SUNIWARD,0.01,0.005,0.5,1000,262144.0,248.456,248.456,0.000947784423828125,0.0947784423828125,1311.0,1311000,2757,3.2018,0.0024422578184591917,0.012193383499031278,1311.0,3.2018,0.0024422578184591917,10,0.0065767381778802335
suniward_alpha0p01,SUNIWARD,0.01,0.01,1.0,1000,262144.0,248.456,248.456,0.000947784423828125,0.0947784423828125,2621.0,2621000,5831,6.2905,0.002400038153376574,0.02396755480077747,1310.0,3.0887,0.0023577862595419853,10,0.009113265739549261
suniward_alpha0p01,SUNIWARD,0.01,0.02,2.0,1000,262144.0,248.456,248.456,0.000947784423828125,0.0947784423828125,5243.0,5243000,11975,12.4123,0.0023674041579248525,0.0473738796497869,2622.0,6.1217999999999995,0.002334782608695652,10,0.012562033553435742
suniward_alpha0p01,SUNIWARD,0.01,0.05,5.0,1000,262144.0,248.456,248.456,0.000947784423828125,0.0947784423828125,13107.0,13107000,29333,29.7872,0.0022726176852063784,0.11407159197327797,7864.0,17.3749,0.0022094226856561546,10,0.01862460780658857
suniward_alpha0p01,SUNIWARD,0.01,0.1,10.0,1000,262144.0,248.456,248.456,0.000947784423828125,0.0947784423828125,26214.0,26214000,55479,55.9123,0.002132917524986648,0.21519900485764784,13107.0,26.125100000000003,0.0019932173647669183,10,0.023283174201377585
suniward_alpha0p01,SUNIWARD,0.01,0.2,20.0,1000,262144.0,248.456,248.456,0.000947784423828125,0.0947784423828125,52429.0,52429000,99211,99.66980000000001,0.0019010433157222151,0.38708122527422184,26215.0,43.7575,0.0016691779515544535,10,0.026342295039785
suniward_alpha0p01,SUNIWARD,0.01,0.3,30.0,1000,262144.0,248.456,248.456,0.000947784423828125,0.0947784423828125,78643.0,78643000,134267,134.71720000000002,0.0017130221380160981,0.5271626547232872,26214.0,35.047399999999996,0.0013369726100556955,10,0.02621912445917482
suniward_alpha0p01,SUNIWARD,0.01,0.4,40.0,1000,262144.0,248.456,248.456,0.000947784423828125,0.0947784423828125,104858.0,104858000,162703,163.1513,0.0015559261095958344,0.6425428398865655,26215.0,28.4341,0.0010846500095365247,10,0.02509640589179844
suniward_alpha0p01,SUNIWARD,0.01,0.5,50.0,1000,262144.0,248.456,248.456,0.000947784423828125,0.0947784423828125,131072.0,131072000,185946,186.386,0.0014220123291015625,0.7380143054276844,26214.0,23.234699999999997,0.0008863469901579309,10,0.022628855430677188
suniward_alpha0p02,SUNIWARD,0.02,0.005,0.5,1000,262144.0,539.198,539.198,0.0020568771362304687,0.20568771362304689,1311.0,1311000,5873,6.3267999999999995,0.004825934401220443,0.011166645618013211,1311.0,6.3267999999999995,0.004825934401220443,10,0.0042642825960106006
suniward_alpha0p02,SUNIWARD,0.02,0.01,1.0,1000,262144.0,539.198,539.198,0.0020568771362304687,0.20568771362304689,2621.0,2621000,12167,12.6269,0.0048175887066005335,0.02227173647919974,1310.0,6.3001000000000005,0.004809236641221375,10,0.005929438576480953
suniward_alpha0p02,SUNIWARD,0.02,0.02,2.0,1000,262144.0,539.198,539.198,0.0020568771362304687,0.20568771362304689,5243.0,5243000,24563,25.0227,0.0047725920274651916,0.04417973467692099,2622.0,12.3958,0.004727612509534707,10,0.008241350403024903
suniward_alpha0p02,SUNIWARD,0.02,0.05,5.0,1000,262144.0,539.198,539.198,0.0020568771362304687,0.20568771362304689,13107.0,13107000,60133,60.586600000000004,0.004622461280231937,0.10725802665124749,7864.0,35.5639,0.004522367751780265,10,0.012243607984361797
suniward_alpha0p02,SUNIWARD,0.02,0.1,10.0,1000,262144.0,539.198,539.198,0.0020568771362304687,0.20568771362304689,26214.0,26214000,114415,114.8725,0.004382104982070649,0.20427374499076978,13107.0,54.2859,0.004141748683909361,10,0.015636834805204832
suniward_alpha0p02,SUNIWARD,0.02,0.2,20.0,1000,262144.0,539.198,539.198,0.0020568771362304687,0.20568771362304689,52429.0,52429000,206899,207.34120000000001,0.003954704457456751,0.37171261775459,26215.0,92.4687,0.003527320236505817,10,0.01793223567657963
suniward_alpha0p02,SUNIWARD,0.02,0.3,30.0,1000,262144.0,539.198,539.198,0.0020568771362304687,0.20568771362304689,78643.0,78643000,282573,283.0274,0.0035988886487036353,0.510952024948143,26214.0,75.6862,0.0028872434576943614,10,0.018173580791604853
suniward_alpha0p02,SUNIWARD,0.02,0.4,40.0,1000,262144.0,539.198,539.198,0.0020568771362304687,0.20568771362304689,104858.0,104858000,345035,345.4877,0.0032948148925213143,0.6274308741297859,26215.0,62.460300000000004,0.0023826168224299065,10,0.017325399738610345
suniward_alpha0p02,SUNIWARD,0.02,0.5,50.0,1000,262144.0,539.198,539.198,0.0020568771362304687,0.20568771362304689,131072.0,131072000,396772,397.2136,0.003030499267578125,0.7250096281445534,26214.0,51.7259,0.0019732166018158236,10,0.015713235701463133
suniward_alpha0p03,SUNIWARD,0.03,0.005,0.5,1000,262144.0,851.034,851.034,0.0032464370727539062,0.3246437072753906,1311.0,1311000,9157,9.596599999999999,0.007320061022120519,0.010758200848823497,1311.0,9.596599999999999,0.007320061022120519,10,0.003348732734175272
suniward_alpha0p03,SUNIWARD,0.03,0.01,1.0,1000,262144.0,851.034,851.034,0.0032464370727539062,0.3246437072753906,2621.0,2621000,18695,19.158800000000003,0.007309729111026325,0.02147993601458758,1310.0,9.5622,0.0072993893129771,10,0.004628460296128053
suniward_alpha0p03,SUNIWARD,0.03,0.02,2.0,1000,262144.0,851.034,851.034,0.0032464370727539062,0.3246437072753906,5243.0,5243000,37472,37.9291,0.007234236124356285,0.04255616562465566,2622.0,18.7703,0.0071587719298245615,10,0.006386343401563936
suniward_alpha0p03,SUNIWARD,0.03,0.05,5.0,1000,262144.0,851.034,851.034,0.0032464370727539062,0.3246437072753906,13107.0,13107000,91376,91.8382,0.007006805523765927,0.10329095873070808,7864.0,53.909099999999995,0.006855175483214649,10,0.009593996491467097
suniward_alpha0p03,SUNIWARD,0.03,0.1,10.0,1000,262144.0,851.034,851.034,0.0032464370727539062,0.3246437072753906,26214.0,26214000,174591,175.04129999999998,0.006677397573815518,0.19764951702756037,13107.0,83.20309999999999,0.00634798962386511,10,0.012112882091806916
suniward_alpha0p03,SUNIWARD,0.03,0.2,20.0,1000,262144.0,851.034,851.034,0.0032464370727539062,0.3246437072753906,52429.0,52429000,318077,318.513,0.0060751301760476085,0.36233077692812266,26215.0,143.47169999999997,0.005472885752431814,10,0.014278830563940869
suniward_alpha0p03,SUNIWARD,0.03,0.3,30.0,1000,262144.0,851.034,851.034,0.0032464370727539062,0.3246437072753906,78643.0,78643000,436751,437.20009999999996,0.005559300891369862,0.5005624260044265,26214.0,118.6871,0.004527622644388494,10,0.01445170387206548
suniward_alpha0p03,SUNIWARD,0.03,0.4,40.0,1000,262144.0,851.034,851.034,0.0032464370727539062,0.3246437072753906,104858.0,104858000,535904,536.3536000000001,0.005115047015964447,0.617490081644364,26215.0,99.1535,0.0037823192828533286,10,0.013682897175674662
suniward_alpha0p03,SUNIWARD,0.03,0.5,50.0,1000,262144.0,851.034,851.034,0.0032464370727539062,0.3246437072753906,131072.0,131072000,618842,619.2941,0.00472483901977539,0.7164079907803804,26214.0,82.9405,0.003163977264057374,10,0.012634631855701134
suniward_alpha0p05,SUNIWARD,0.05,0.005,0.5,1000,262144.0,1520.286,1520.286,0.005799430847167969,0.5799430847167969,1311.0,1311000,15795,16.2475,0.012393211289092296,0.010251328140235756,1311.0,16.2475,0.012393211289092296,10,0.0024189111319388576
suniward_alpha0p05,SUNIWARD,0.05,0.01,1.0,1000,262144.0,1520.286,1520.286,0.005799430847167969,0.5799430847167969,2621.0,2621000,31806,32.2528,0.012305532239603206,0.02036150774459108,1310.0,16.0053,0.012217786259541985,10,0.003391965681183374
suniward_alpha0p05,SUNIWARD,0.05,0.02,2.0,1000,262144.0,1520.286,1520.286,0.005799430847167969,0.5799430847167969,5243.0,5243000,63574,64.0262,0.012211748998664887,0.040442674700840495,2622.0,31.773400000000002,0.012118001525553012,10,0.004704843462789974
suniward_alpha0p05,SUNIWARD,0.05,0.05,5.0,1000,262144.0,1520.286,1520.286,0.005799430847167969,0.5799430847167969,13107.0,13107000,155378,155.82290000000003,0.011888525215533687,0.09858971490754219,7864.0,91.79670000000002,0.01167302899287894,10,0.006942665084713447
suniward_alpha0p05,SUNIWARD,0.05,0.1,10.0,1000,262144.0,1520.286,1520.286,0.005799430847167969,0.5799430847167969,26214.0,26214000,297887,298.33709999999996,0.011380830853742275,0.189356849088207,13107.0,142.51420000000002,0.010873136491950866,10,0.008950162533707375
suniward_alpha0p05,SUNIWARD,0.05,0.2,20.0,1000,262144.0,1520.286,1520.286,0.005799430847167969,0.5799430847167969,52429.0,52429000,547737,548.172,0.010455511262850712,0.35014535090385335,26215.0,249.8349,0.009530226969292389,10,0.010601687261753224
suniward_alpha0p05,SUNIWARD,0.05,0.3,30.0,1000,262144.0,1520.286,1520.286,0.005799430847167969,0.5799430847167969,78643.0,78643000,758120,758.5793000000001,0.0096458591355874,0.4872315001230487,26214.0,210.4073,0.008026523994811933,10,0.010714617516833523
suniward_alpha0p05,SUNIWARD,0.05,0.4,40.0,1000,262144.0,1520.286,1520.286,0.005799430847167969,0.5799430847167969,104858.0,104858000,936391,936.8186000000001,0.00893416429838448,0.6046455208898818,26215.0,178.2393,0.006799134083539959,10,0.010363614823135641
suniward_alpha0p05,SUNIWARD,0.05,0.5,50.0,1000,262144.0,1520.286,1520.286,0.005799430847167969,0.5799430847167969,131072.0,131072000,1087471,1087.9272,0.008300225830078126,0.7051937826133663,26214.0,151.1086,0.005764423590447852,10,0.00960414320430024
suniward_alpha0p1,SUNIWARD,0.1,0.005,0.5,1000,262144.0,3381.979,3381.979,0.012901226043701171,1.2901226043701173,1311.0,1311000,32565,33.021,0.025187643020594966,0.009446539371620225,1311.0,33.021,0.025187643020594966,10,0.0015552076241802215
suniward_alpha0p1,SUNIWARD,0.1,0.01,1.0,1000,262144.0,3381.979,3381.979,0.012901226043701171,1.2901226043701173,2621.0,2621000,65314,65.766,0.025091949637542924,0.018816243572651704,1310.0,32.745,0.02499618320610687,10,0.0021658474866069104
suniward_alpha0p1,SUNIWARD,0.1,0.02,2.0,1000,262144.0,3381.979,3381.979,0.012901226043701171,1.2901226043701173,5243.0,5243000,130048,130.49819999999997,0.024889986648865155,0.03734527621568897,2622.0,64.73219999999999,0.024688100686498855,10,0.0030377051011469445
suniward_alpha0p1,SUNIWARD,0.1,0.05,5.0,1000,262144.0,3381.979,3381.979,0.012901226043701171,1.2901226043701173,13107.0,13107000,318715,319.16429999999997,0.02435067521171893,0.09145044640036572,7864.0,188.66609999999997,0.023991111393692775,10,0.004493987716581796
suniward_alpha0p1,SUNIWARD,0.1,0.1,10.0,1000,262144.0,3381.979,3381.979,0.012901226043701171,1.2901226043701173,26214.0,26214000,615313,615.7655,0.023489948119325553,0.17683717293736625,13107.0,296.6012,0.02262922102693217,10,0.005789117943044954
suniward_alpha0p1,SUNIWARD,0.1,0.2,20.0,1000,262144.0,3381.979,3381.979,0.012901226043701171,1.2901226043701173,52429.0,52429000,1147148,1147.6003999999998,0.02188865704095062,0.3311272938311632,26215.0,531.8349000000001,0.02028742704558459,10,0.00691663467328383
suniward_alpha0p1,SUNIWARD,0.1,0.3,30.0,1000,262144.0,3381.979,3381.979,0.012901226043701171,1.2901226043701173,78643.0,78643000,1607955,1608.3859000000002,0.020451736327454447,0.46607681002755963,26214.0,460.7855,0.017577840085450526,10,0.007219585477407607
suniward_alpha0p1,SUNIWARD,0.1,0.4,40.0,1000,262144.0,3381.979,3381.979,0.012901226043701171,1.2901226043701173,104858.0,104858000,2006918,2007.3879000000002,0.019143869804878977,0.5839426958465068,26215.0,399.002,0.015220370017165745,10,0.007057035718017442
suniward_alpha0p1,SUNIWARD,0.1,0.5,50.0,1000,262144.0,3381.979,3381.979,0.012901226043701171,1.2901226043701173,131072.0,131072000,2351896,2352.3343999999997,0.017946887207031248,0.6866825508619246,26214.0,344.9465,0.013158865491721983,10,0.006524309699078697
suniward_alpha0p2,SUNIWARD,0.2,0.005,0.5,1000,262144.0,7667.038,7667.038,0.029247428894042967,2.924742889404297,1311.0,1311000,66626,67.079,0.05116628527841342,0.008551117855683377,1311.0,67.079,0.05116628527841342,10,0.0009659249604843153
suniward_alpha0p2,SUNIWARD,0.2,0.01,1.0,1000,262144.0,7667.038,7667.038,0.029247428894042967,2.924742889404297,2621.0,2621000,133355,133.8105,0.051053223960320485,0.017059424270663603,1310.0,66.7315,0.05094007633587786,10,0.001359490068349104
suniward_alpha0p2,SUNIWARD,0.2,0.02,2.0,1000,262144.0,7667.038,7667.038,0.029247428894042967,2.924742889404297,5243.0,5243000,265884,266.3249,0.05079628075529277,0.03395843592230394,2622.0,132.5144,0.0505394355453852,10,0.001922923066820992
suniward_alpha0p2,SUNIWARD,0.2,0.05,5.0,1000,262144.0,7667.038,7667.038,0.029247428894042967,2.924742889404297,13107.0,13107000,654936,655.3716999999999,0.05000165560387579,0.0836185115471803,7864.0,389.0468,0.049471871820956255,10,0.002884932334392346
suniward_alpha0p2,SUNIWARD,0.2,0.1,10.0,1000,262144.0,7667.038,7667.038,0.029247428894042967,2.924742889404297,26214.0,26214000,1275884,1276.3426,0.0486893492027161,0.16305990078630828,13107.0,620.9709,0.04737704280155642,10,0.003785578484927612
suniward_alpha0p2,SUNIWARD,0.2,0.2,20.0,1000,262144.0,7667.038,7667.038,0.029247428894042967,2.924742889404297,52429.0,52429000,2417090,2417.5483,0.046110898548513225,0.3097152005006572,26215.0,1141.2057,0.04353254625214571,10,0.004551545194966291
suniward_alpha0p2,SUNIWARD,0.2,0.3,30.0,1000,262144.0,7667.038,7667.038,0.029247428894042967,2.924742889404297,78643.0,78643000,3436178,3436.6393,0.04369923960174459,0.4414584787272157,26214.0,1019.091,0.038875829709315635,10,0.004832689953448152
suniward_alpha0p2,SUNIWARD,0.2,0.4,40.0,1000,262144.0,7667.038,7667.038,0.029247428894042967,2.924742889404297,104858.0,104858000,4343471,4343.919400000001,0.04142668561292415,0.5594328925607891,26215.0,907.2801,0.03460919702460424,10,0.004793708516423797
suniward_alpha0p2,SUNIWARD,0.2,0.5,50.0,1000,262144.0,7667.038,7667.038,0.029247428894042967,2.924742889404297,131072.0,131072000,5146805,5147.2607,0.039270482635498045,0.664519468147112,26214.0,803.3412999999999,0.030645506218051427,10,0.004435229037322347
suniward_alpha0p5,SUNIWARD,0.5,0.005,0.5,1000,262144.0,23853.753,23853.753,0.09099484634399414,9.099484634399413,1311.0,1311000,175989,176.4335,0.13457932875667428,0.007324053167458054,1311.0,176.4335,0.13457932875667428,10,0.0004882234029966754
suniward_alpha0p5,SUNIWARD,0.5,0.01,1.0,1000,262144.0,23853.753,23853.753,0.09099484634399414,9.099484634399413,2621.0,2621000,351630,352.091,0.13433460511255246,0.01461708907613077,1310.0,175.6575,0.13408969465648854,10,0.0006865111016349919
suniward_alpha0p5,SUNIWARD,0.5,0.02,2.0,1000,262144.0,23853.753,23853.753,0.09099484634399414,9.099484634399413,5243.0,5243000,701733,702.1972999999999,0.13393044058744993,0.02915350421918169,2622.0,350.10630000000003,0.13352643020594965,10,0.0009668647785946176
suniward_alpha0p5,SUNIWARD,0.5,0.05,5.0,1000,262144.0,23853.753,23853.753,0.09099484634399414,9.099484634399413,13107.0,13107000,1738586,1739.0333999999998,0.13267974364843213,0.07221413694449787,7864.0,1036.8361,0.13184589267548324,10,0.001475743406078096
suniward_alpha0p5,SUNIWARD,0.5,0.1,10.0,1000,262144.0,23853.753,23853.753,0.09099484634399414,9.099484634399413,26214.0,26214000,3424359,3424.7991,0.1306477111467155,0.14226620950597715,13107.0,1685.7657,0.12861567864499887,10,0.0019782697174064987
suniward_alpha0p5,SUNIWARD,0.5,0.2,20.0,1000,262144.0,23853.753,23853.753,0.09099484634399414,9.099484634399413,52429.0,52429000,6635142,6635.5819,0.12656319784851897,0.2758611124111079,26215.0,3210.7828,0.12247884035857334,10,0.0024132548023650295
suniward_alpha0p5,SUNIWARD,0.5,0.3,30.0,1000,262144.0,23853.753,23853.753,0.09099484634399414,9.099484634399413,78643.0,78643000,9635111,9635.5538,0.12252271403685006,0.40092443272703143,26214.0,2999.9719,0.11444159227893494,10,0.002586645342590268
suniward_alpha0p5,SUNIWARD,0.5,0.4,40.0,1000,262144.0,23853.753,23853.753,0.09099484634399414,9.099484634399413,104858.0,104858000,12422045,12422.496,0.11846970188254592,0.5173579150701371,26215.0,2786.9422000000004,0.1063109746328438,10,0.002601635541074218
suniward_alpha0p5,SUNIWARD,0.5,0.5,50.0,1000,262144.0,23853.753,23853.753,0.09099484634399414,9.099484634399413,131072.0,131072000,14991141,14991.5887,0.1143767448425293,0.6249606070883138,26214.0,2569.0927,0.09800460440985734,10,0.002491846364284542
